alignment_id,primary_class,subject,term,week,topic,source_id,source_url,source_topic_index_sha256,source_modified_at,instructional,verification_status,training_eligible,authoring_status
napps-web-p1-english-first-1,1,english,first,1,Pre-Reading Skills: Phonemic Awareness (Identifying Sounds),web-napps-aligned-primary-1,https://schemeofwork.com/primary-1-scheme-of-work-unified/,73d4bc5afbf5163159288a8ae6995761a0a101e85c5bdab896c9f5de136a9f19,2025-12-19T14:50:50+00:00,true,ALIGNED_TO_2025_NATIONAL_STRUCTURE_NOT_NAPPS_ISSUED,false,READY_FOR_ORIGINAL_AUTHORING
napps-web-p1-english-first-2,1,english,first,2,Phonemic Awareness (Identifying Sounds) – Continued,web-napps-aligned-primary-1,https://schemeofwork.com/primary-1-scheme-of-work-unified/,73d4bc5afbf5163159288a8ae6995761a0a101e85c5bdab896c9f5de136a9f19,2025-12-19T14:50:50+00:00,true,ALIGNED_TO_2025_NATIONAL_STRUCTURE_NOT_NAPPS_ISSUED,false,READY_FOR_ORIGINAL_AUTHORING
napps-web-p1-english-first-3,1,english,first,3,Phonemic Awareness (Songs and Rhymes),web-napps-aligned-primary-1,https://schemeofwork.com/primary-1-scheme-of-work-unified/,73d4bc5afbf5163159288a8ae6995761a0a101e85c5bdab896c9f5de136a9f19,2025-12-19T14:50:50+00:00,true,ALIGNED_TO_2025_NATIONAL_STRUCTURE_NOT_NAPPS_ISSUED,false,READY_FOR_ORIGINAL_AUTHORING
napps-web-p1-english-first-4,1,english,first,4,Phonemic Awareness (Songs and Rhymes) – Continued,web-napps-aligned-primary-1,https://schemeofwork.com/primary-1-scheme-of-work-unified/,73d4bc5afbf5163159288a8ae6995761a0a101e85c5bdab896c9f5de136a9f19,2025-12-19T14:50:50+00:00,true,ALIGNED_TO_2025_NATIONAL_STRUCTURE_NOT_NAPPS_ISSUED,false,READY_FOR_ORIGINAL_AUTHORING
napps-web-p1-english-first-5,1,english,first,5,MID-TERM EXAMINATION,web-napps-aligned-primary-1,https://schemeofwork.com/primary-1-scheme-of-work-unified/,73d4bc5afbf5163159288a8ae6995761a0a101e85c5bdab896c9f5de136a9f19,2025-12-19T14:50:50+00:00,false,ALIGNED_TO_2025_NATIONAL_STRUCTURE_NOT_NAPPS_ISSUED,false,READY_FOR_ORIGINAL_AUTHORING
napps-web-p1-english-first-6,1,english,first,6,MID-TERM BREAK,web-napps-aligned-primary-1,https://schemeofwork.com/primary-1-scheme-of-work-unified/,73d4bc5afbf5163159288a8ae6995761a0a101e85c5bdab896c9f5de136a9f19,2025-12-19T14:50:50+00:00,false,ALIGNED_TO_2025_NATIONAL_STRUCTURE_NOT_NAPPS_ISSUED,false,READY_FOR_ORIGINAL_AUTHORING
napps-web-p1-english-first-7,1,english,first,7,Phonological Awareness: Sounds of Animals,web-napps-aligned-primary-1,https://schemeofwork.com/primary-1-scheme-of-work-unified/,73d4bc5afbf5163159288a8ae6995761a0a101e85c5bdab896c9f5de136a9f19,2025-12-19T14:50:50+00:00,true,ALIGNED_TO_2025_NATIONAL_STRUCTURE_NOT_NAPPS_ISSUED,false,READY_FOR_ORIGINAL_AUTHORING
napps-web-p1-english-first-8,1,english,first,8,Phonological Awareness: Sounds of Things,web-napps-aligned-primary-1,https://schemeofwork.com/primary-1-scheme-of-work-unified/,73d4bc5afbf5163159288a8ae6995761a0a101e85c5bdab896c9f5de136a9f19,2025-12-19T14:50:50+00:00,true,ALIGNED_TO_2025_NATIONAL_STRUCTURE_NOT_NAPPS_ISSUED,false,READY_FOR_ORIGINAL_AUTHORING
napps-web-p1-english-second-1,1,english,second,1,Phonological Awareness (General),web-napps-aligned-primary-1,https://schemeofwork.com/primary-1-scheme-of-work-unified/,73d4bc5afbf5163159288a8ae6995761a0a101e85c5bdab896c9f5de136a9f19,2025-12-19T14:50:50+00:00,true,ALIGNED_TO_2025_NATIONAL_STRUCTURE_NOT_NAPPS_ISSUED,false,READY_FOR_ORIGINAL_AUTHORING
napps-web-p1-english-second-2,1,english,second,2,Phonological Awareness: Word Structure,web-napps-aligned-primary-1,https://schemeofwork.com/primary-1-scheme-of-work-unified/,73d4bc5afbf5163159288a8ae6995761a0a101e85c5bdab896c9f5de136a9f19,2025-12-19T14:50:50+00:00,true,ALIGNED_TO_2025_NATIONAL_STRUCTURE_NOT_NAPPS_ISSUED,false,READY_FOR_ORIGINAL_AUTHORING
napps-web-p1-english-second-3,1,english,second,3,Phonological Awareness: Syllable and Word Structure,web-napps-aligned-primary-1,https://schemeofwork.com/primary-1-scheme-of-work-unified/,73d4bc5afbf5163159288a8ae6995761a0a101e85c5bdab896c9f5de136a9f19,2025-12-19T14:50:50+00:00,true,ALIGNED_TO_2025_NATIONAL_STRUCTURE_NOT_NAPPS_ISSUED,false,READY_FOR_ORIGINAL_AUTHORING
napps-web-p1-english-second-4,1,english,second,4,Concept of Print (Part 1),web-napps-aligned-primary-1,https://schemeofwork.com/primary-1-scheme-of-work-unified/,73d4bc5afbf5163159288a8ae6995761a0a101e85c5bdab896c9f5de136a9f19,2025-12-19T14:50:50+00:00,true,ALIGNED_TO_2025_NATIONAL_STRUCTURE_NOT_NAPPS_ISSUED,false,READY_FOR_ORIGINAL_AUTHORING
napps-web-p1-english-second-5,1,english,second,5,MID-TERM EXAMINATION,web-napps-aligned-primary-1,https://schemeofwork.com/primary-1-scheme-of-work-unified/,73d4bc5afbf5163159288a8ae6995761a0a101e85c5bdab896c9f5de136a9f19,2025-12-19T14:50:50+00:00,false,ALIGNED_TO_2025_NATIONAL_STRUCTURE_NOT_NAPPS_ISSUED,false,READY_FOR_ORIGINAL_AUTHORING
napps-web-p1-english-second-6,1,english,second,6,MID-TERM BREAK,web-napps-aligned-primary-1,https://schemeofwork.com/primary-1-scheme-of-work-unified/,73d4bc5afbf5163159288a8ae6995761a0a101e85c5bdab896c9f5de136a9f19,2025-12-19T14:50:50+00:00,false,ALIGNED_TO_2025_NATIONAL_STRUCTURE_NOT_NAPPS_ISSUED,false,READY_FOR_ORIGINAL_AUTHORING
napps-web-p1-english-second-7,1,english,second,7,Concept of Print (Part 2),web-napps-aligned-primary-1,https://schemeofwork.com/primary-1-scheme-of-work-unified/,73d4bc5afbf5163159288a8ae6995761a0a101e85c5bdab896c9f5de136a9f19,2025-12-19T14:50:50+00:00,true,ALIGNED_TO_2025_NATIONAL_STRUCTURE_NOT_NAPPS_ISSUED,false,READY_FOR_ORIGINAL_AUTHORING
napps-web-p1-english-second-8,1,english,second,8,Concept of Print (Part 3),web-napps-aligned-primary-1,https://schemeofwork.com/primary-1-scheme-of-work-unified/,73d4bc5afbf5163159288a8ae6995761a0a101e85c5bdab896c9f5de136a9f19,2025-12-19T14:50:50+00:00,true,ALIGNED_TO_2025_NATIONAL_STRUCTURE_NOT_NAPPS_ISSUED,false,READY_FOR_ORIGINAL_AUTHORING
napps-web-p1-english-second-9,1,english,second,9,Listening and Speaking: Songs and Rhymes,web-napps-aligned-primary-1,https://schemeofwork.com/primary-1-scheme-of-work-unified/,73d4bc5afbf5163159288a8ae6995761a0a101e85c5bdab896c9f5de136a9f19,2025-12-19T14:50:50+00:00,true,ALIGNED_TO_2025_NATIONAL_STRUCTURE_NOT_NAPPS_ISSUED,false,READY_FOR_ORIGINAL_AUTHORING
napps-web-p1-english-third-1,1,english,third,1,Reading: Guided Reading,web-napps-aligned-primary-1,https://schemeofwork.com/primary-1-scheme-of-work-unified/,73d4bc5afbf5163159288a8ae6995761a0a101e85c5bdab896c9f5de136a9f19,2025-12-19T14:50:50+00:00,true,ALIGNED_TO_2025_NATIONAL_STRUCTURE_NOT_NAPPS_ISSUED,false,READY_FOR_ORIGINAL_AUTHORING
napps-web-p1-english-third-2,1,english,third,2,Reading: Comprehension,web-napps-aligned-primary-1,https://schemeofwork.com/primary-1-scheme-of-work-unified/,73d4bc5afbf5163159288a8ae6995761a0a101e85c5bdab896c9f5de136a9f19,2025-12-19T14:50:50+00:00,true,ALIGNED_TO_2025_NATIONAL_STRUCTURE_NOT_NAPPS_ISSUED,false,READY_FOR_ORIGINAL_AUTHORING
napps-web-p1-english-third-3,1,english,third,3,Reading: Comprehension – Continued,web-napps-aligned-primary-1,https://schemeofwork.com/primary-1-scheme-of-work-unified/,73d4bc5afbf5163159288a8ae6995761a0a101e85c5bdab896c9f5de136a9f19,2025-12-19T14:50:50+00:00,true,ALIGNED_TO_2025_NATIONAL_STRUCTURE_NOT_NAPPS_ISSUED,false,READY_FOR_ORIGINAL_AUTHORING
napps-web-p1-english-third-4,1,english,third,4,Reading: Identification of Common Objects,web-napps-aligned-primary-1,https://schemeofwork.com/primary-1-scheme-of-work-unified/,73d4bc5afbf5163159288a8ae6995761a0a101e85c5bdab896c9f5de136a9f19,2025-12-19T14:50:50+00:00,true,ALIGNED_TO_2025_NATIONAL_STRUCTURE_NOT_NAPPS_ISSUED,false,READY_FOR_ORIGINAL_AUTHORING
napps-web-p1-english-third-5,1,english,third,5,MID-TERM EXAMINATION,web-napps-aligned-primary-1,https://schemeofwork.com/primary-1-scheme-of-work-unified/,73d4bc5afbf5163159288a8ae6995761a0a101e85c5bdab896c9f5de136a9f19,2025-12-19T14:50:50+00:00,false,ALIGNED_TO_2025_NATIONAL_STRUCTURE_NOT_NAPPS_ISSUED,false,READY_FOR_ORIGINAL_AUTHORING
napps-web-p1-english-third-6,1,english,third,6,MID-TERM BREAK,web-napps-aligned-primary-1,https://schemeofwork.com/primary-1-scheme-of-work-unified/,73d4bc5afbf5163159288a8ae6995761a0a101e85c5bdab896c9f5de136a9f19,2025-12-19T14:50:50+00:00,false,ALIGNED_TO_2025_NATIONAL_STRUCTURE_NOT_NAPPS_ISSUED,false,READY_FOR_ORIGINAL_AUTHORING
napps-web-p1-english-third-7,1,english,third,7,Reading: Identification of Common Objects – Continued & Common Signs and Symbols,web-napps-aligned-primary-1,https://schemeofwork.com/primary-1-scheme-of-work-unified/,73d4bc5afbf5163159288a8ae6995761a0a101e85c5bdab896c9f5de136a9f19,2025-12-19T14:50:50+00:00,true,ALIGNED_TO_2025_NATIONAL_STRUCTURE_NOT_NAPPS_ISSUED,false,READY_FOR_ORIGINAL_AUTHORING
napps-web-p1-mathematics-first-1,1,mathematics,first,1,Whole Numbers 1–5,web-napps-aligned-primary-1,https://schemeofwork.com/primary-1-scheme-of-work-unified/,73d4bc5afbf5163159288a8ae6995761a0a101e85c5bdab896c9f5de136a9f19,2025-12-19T14:50:50+00:00,true,ALIGNED_TO_2025_NATIONAL_STRUCTURE_NOT_NAPPS_ISSUED,false,READY_FOR_ORIGINAL_AUTHORING
napps-web-p1-mathematics-first-2,1,mathematics,first,2,Whole Number 0 (Zero),web-napps-aligned-primary-1,https://schemeofwork.com/primary-1-scheme-of-work-unified/,73d4bc5afbf5163159288a8ae6995761a0a101e85c5bdab896c9f5de136a9f19,2025-12-19T14:50:50+00:00,true,ALIGNED_TO_2025_NATIONAL_STRUCTURE_NOT_NAPPS_ISSUED,false,READY_FOR_ORIGINAL_AUTHORING
napps-web-p1-mathematics-first-3,1,mathematics,first,3,Whole Numbers 6–9,web-napps-aligned-primary-1,https://schemeofwork.com/primary-1-scheme-of-work-unified/,73d4bc5afbf5163159288a8ae6995761a0a101e85c5bdab896c9f5de136a9f19,2025-12-19T14:50:50+00:00,true,ALIGNED_TO_2025_NATIONAL_STRUCTURE_NOT_NAPPS_ISSUED,false,READY_FOR_ORIGINAL_AUTHORING
napps-web-p1-mathematics-first-4,1,mathematics,first,4,Whole Number 10,web-napps-aligned-primary-1,https://schemeofwork.com/primary-1-scheme-of-work-unified/,73d4bc5afbf5163159288a8ae6995761a0a101e85c5bdab896c9f5de136a9f19,2025-12-19T14:50:50+00:00,true,ALIGNED_TO_2025_NATIONAL_STRUCTURE_NOT_NAPPS_ISSUED,false,READY_FOR_ORIGINAL_AUTHORING
napps-web-p1-mathematics-first-5,1,mathematics,first,5,MID-TERM EXAMINATION,web-napps-aligned-primary-1,https://schemeofwork.com/primary-1-scheme-of-work-unified/,73d4bc5afbf5163159288a8ae6995761a0a101e85c5bdab896c9f5de136a9f19,2025-12-19T14:50:50+00:00,false,ALIGNED_TO_2025_NATIONAL_STRUCTURE_NOT_NAPPS_ISSUED,false,READY_FOR_ORIGINAL_AUTHORING
napps-web-p1-mathematics-first-6,1,mathematics,first,6,MID-TERM BREAK,web-napps-aligned-primary-1,https://schemeofwork.com/primary-1-scheme-of-work-unified/,73d4bc5afbf5163159288a8ae6995761a0a101e85c5bdab896c9f5de136a9f19,2025-12-19T14:50:50+00:00,false,ALIGNED_TO_2025_NATIONAL_STRUCTURE_NOT_NAPPS_ISSUED,false,READY_FOR_ORIGINAL_AUTHORING
napps-web-p1-mathematics-first-7,1,mathematics,first,7,Addition (Introduction),web-napps-aligned-primary-1,https://schemeofwork.com/primary-1-scheme-of-work-unified/,73d4bc5afbf5163159288a8ae6995761a0a101e85c5bdab896c9f5de136a9f19,2025-12-19T14:50:50+00:00,true,ALIGNED_TO_2025_NATIONAL_STRUCTURE_NOT_NAPPS_ISSUED,false,READY_FOR_ORIGINAL_AUTHORING
napps-web-p1-mathematics-first-8,1,mathematics,first,8,Addition (Continued),web-napps-aligned-primary-1,https://schemeofwork.com/primary-1-scheme-of-work-unified/,73d4bc5afbf5163159288a8ae6995761a0a101e85c5bdab896c9f5de136a9f19,2025-12-19T14:50:50+00:00,true,ALIGNED_TO_2025_NATIONAL_STRUCTURE_NOT_NAPPS_ISSUED,false,READY_FOR_ORIGINAL_AUTHORING
napps-web-p1-mathematics-second-1,1,mathematics,second,1,Whole Numbers 1–99 (Part 1: 11–20),web-napps-aligned-primary-1,https://schemeofwork.com/primary-1-scheme-of-work-unified/,73d4bc5afbf5163159288a8ae6995761a0a101e85c5bdab896c9f5de136a9f19,2025-12-19T14:50:50+00:00,true,ALIGNED_TO_2025_NATIONAL_STRUCTURE_NOT_NAPPS_ISSUED,false,READY_FOR_ORIGINAL_AUTHORING
napps-web-p1-mathematics-second-2,1,mathematics,second,2,Whole Numbers 1–99 (Part 2: 21–50),web-napps-aligned-primary-1,https://schemeofwork.com/primary-1-scheme-of-work-unified/,73d4bc5afbf5163159288a8ae6995761a0a101e85c5bdab896c9f5de136a9f19,2025-12-19T14:50:50+00:00,true,ALIGNED_TO_2025_NATIONAL_STRUCTURE_NOT_NAPPS_ISSUED,false,READY_FOR_ORIGINAL_AUTHORING
napps-web-p1-mathematics-second-3,1,mathematics,second,3,Whole Numbers 1–99 (Part 3: 51–99),web-napps-aligned-primary-1,https://schemeofwork.com/primary-1-scheme-of-work-unified/,73d4bc5afbf5163159288a8ae6995761a0a101e85c5bdab896c9f5de136a9f19,2025-12-19T14:50:50+00:00,true,ALIGNED_TO_2025_NATIONAL_STRUCTURE_NOT_NAPPS_ISSUED,false,READY_FOR_ORIGINAL_AUTHORING
napps-web-p1-mathematics-second-4,1,mathematics,second,4,Whole Numbers: Quantitative Aptitude on Ordering of Numbers,web-napps-aligned-primary-1,https://schemeofwork.com/primary-1-scheme-of-work-unified/,73d4bc5afbf5163159288a8ae6995761a0a101e85c5bdab896c9f5de136a9f19,2025-12-19T14:50:50+00:00,true,ALIGNED_TO_2025_NATIONAL_STRUCTURE_NOT_NAPPS_ISSUED,false,READY_FOR_ORIGINAL_AUTHORING
napps-web-p1-mathematics-second-5,1,mathematics,second,5,MID-TERM EXAMINATION,web-napps-aligned-primary-1,https://schemeofwork.com/primary-1-scheme-of-work-unified/,73d4bc5afbf5163159288a8ae6995761a0a101e85c5bdab896c9f5de136a9f19,2025-12-19T14:50:50+00:00,false,ALIGNED_TO_2025_NATIONAL_STRUCTURE_NOT_NAPPS_ISSUED,false,READY_FOR_ORIGINAL_AUTHORING
napps-web-p1-mathematics-second-6,1,mathematics,second,6,MID-TERM BREAK,web-napps-aligned-primary-1,https://schemeofwork.com/primary-1-scheme-of-work-unified/,73d4bc5afbf5163159288a8ae6995761a0a101e85c5bdab896c9f5de136a9f19,2025-12-19T14:50:50+00:00,false,ALIGNED_TO_2025_NATIONAL_STRUCTURE_NOT_NAPPS_ISSUED,false,READY_FOR_ORIGINAL_AUTHORING
napps-web-p1-mathematics-second-7,1,mathematics,second,7,Whole Numbers: Quantitative Aptitude on Addition and Subtraction,web-napps-aligned-primary-1,https://schemeofwork.com/primary-1-scheme-of-work-unified/,73d4bc5afbf5163159288a8ae6995761a0a101e85c5bdab896c9f5de136a9f19,2025-12-19T14:50:50+00:00,true,ALIGNED_TO_2025_NATIONAL_STRUCTURE_NOT_NAPPS_ISSUED,false,READY_FOR_ORIGINAL_AUTHORING
napps-web-p1-mathematics-third-1,1,mathematics,third,1,Fractions (Introduction),web-napps-aligned-primary-1,https://schemeofwork.com/primary-1-scheme-of-work-unified/,73d4bc5afbf5163159288a8ae6995761a0a101e85c5bdab896c9f5de136a9f19,2025-12-19T14:50:50+00:00,true,ALIGNED_TO_2025_NATIONAL_STRUCTURE_NOT_NAPPS_ISSUED,false,READY_FOR_ORIGINAL_AUTHORING
napps-web-p1-mathematics-third-2,1,mathematics,third,2,Length (Measurement),web-napps-aligned-primary-1,https://schemeofwork.com/primary-1-scheme-of-work-unified/,73d4bc5afbf5163159288a8ae6995761a0a101e85c5bdab896c9f5de136a9f19,2025-12-19T14:50:50+00:00,true,ALIGNED_TO_2025_NATIONAL_STRUCTURE_NOT_NAPPS_ISSUED,false,READY_FOR_ORIGINAL_AUTHORING
napps-web-p1-mathematics-third-3,1,mathematics,third,3,Weight,web-napps-aligned-primary-1,https://schemeofwork.com/primary-1-scheme-of-work-unified/,73d4bc5afbf5163159288a8ae6995761a0a101e85c5bdab896c9f5de136a9f19,2025-12-19T14:50:50+00:00,true,ALIGNED_TO_2025_NATIONAL_STRUCTURE_NOT_NAPPS_ISSUED,false,READY_FOR_ORIGINAL_AUTHORING
napps-web-p1-mathematics-third-4,1,mathematics,third,4,Time,web-napps-aligned-primary-1,https://schemeofwork.com/primary-1-scheme-of-work-unified/,73d4bc5afbf5163159288a8ae6995761a0a101e85c5bdab896c9f5de136a9f19,2025-12-19T14:50:50+00:00,true,ALIGNED_TO_2025_NATIONAL_STRUCTURE_NOT_NAPPS_ISSUED,false,READY_FOR_ORIGINAL_AUTHORING
napps-web-p1-mathematics-third-5,1,mathematics,third,5,MID-TERM EXAMINATION,web-napps-aligned-primary-1,https://schemeofwork.com/primary-1-scheme-of-work-unified/,73d4bc5afbf5163159288a8ae6995761a0a101e85c5bdab896c9f5de136a9f19,2025-12-19T14:50:50+00:00,false,ALIGNED_TO_2025_NATIONAL_STRUCTURE_NOT_NAPPS_ISSUED,false,READY_FOR_ORIGINAL_AUTHORING
napps-web-p1-mathematics-third-6,1,mathematics,third,6,MID-TERM BREAK,web-napps-aligned-primary-1,https://schemeofwork.com/primary-1-scheme-of-work-unified/,73d4bc5afbf5163159288a8ae6995761a0a101e85c5bdab896c9f5de136a9f19,2025-12-19T14:50:50+00:00,false,ALIGNED_TO_2025_NATIONAL_STRUCTURE_NOT_NAPPS_ISSUED,false,READY_FOR_ORIGINAL_AUTHORING
napps-web-p1-mathematics-third-7,1,mathematics,third,7,Three Dimensional Shapes,web-napps-aligned-primary-1,https://schemeofwork.com/primary-1-scheme-of-work-unified/,73d4bc5afbf5163159288a8ae6995761a0a101e85c5bdab896c9f5de136a9f19,2025-12-19T14:50:50+00:00,true,ALIGNED_TO_2025_NATIONAL_STRUCTURE_NOT_NAPPS_ISSUED,false,READY_FOR_ORIGINAL_AUTHORING
napps-web-p2-english-first-1,2,english,first,1,Revision and Review of Year One’s Work,web-napps-aligned-primary-2,https://schemeofwork.com/primary-2-scheme-of-work-unified/,cb969afb2c442d32cc9076fcc4aa16b21603d60371e67b4cb10908f037e6104f,2025-12-19T14:49:44+00:00,false,ALIGNED_TO_2025_NATIONAL_STRUCTURE_NOT_NAPPS_ISSUED,false,READY_FOR_ORIGINAL_AUTHORING
napps-web-p2-english-first-2,2,english,first,2,Phonemic Awareness I (Identifying and Producing Sounds),web-napps-aligned-primary-2,https://schemeofwork.com/primary-2-scheme-of-work-unified/,cb969afb2c442d32cc9076fcc4aa16b21603d60371e67b4cb10908f037e6104f,2025-12-19T14:49:44+00:00,true,ALIGNED_TO_2025_NATIONAL_STRUCTURE_NOT_NAPPS_ISSUED,false,READY_FOR_ORIGINAL_AUTHORING
napps-web-p2-english-first-3,2,english,first,3,Using Sounds and Combinations of Sounds to Spell and Pronounce Words,web-napps-aligned-primary-2,https://schemeofwork.com/primary-2-scheme-of-work-unified/,cb969afb2c442d32cc9076fcc4aa16b21603d60371e67b4cb10908f037e6104f,2025-12-19T14:49:44+00:00,true,ALIGNED_TO_2025_NATIONAL_STRUCTURE_NOT_NAPPS_ISSUED,false,READY_FOR_ORIGINAL_AUTHORING
napps-web-p2-english-first-4,2,english,first,4,Comprehension I (Short Stories and Rhymes),web-napps-aligned-primary-2,https://schemeofwork.com/primary-2-scheme-of-work-unified/,cb969afb2c442d32cc9076fcc4aa16b21603d60371e67b4cb10908f037e6104f,2025-12-19T14:49:44+00:00,true,ALIGNED_TO_2025_NATIONAL_STRUCTURE_NOT_NAPPS_ISSUED,false,READY_FOR_ORIGINAL_AUTHORING
napps-web-p2-english-first-5,2,english,first,5,MID-TERM EXAMINATION,web-napps-aligned-primary-2,https://schemeofwork.com/primary-2-scheme-of-work-unified/,cb969afb2c442d32cc9076fcc4aa16b21603d60371e67b4cb10908f037e6104f,2025-12-19T14:49:44+00:00,false,ALIGNED_TO_2025_NATIONAL_STRUCTURE_NOT_NAPPS_ISSUED,false,READY_FOR_ORIGINAL_AUTHORING
napps-web-p2-english-first-6,2,english,first,6,MID-TERM BREAK,web-napps-aligned-primary-2,https://schemeofwork.com/primary-2-scheme-of-work-unified/,cb969afb2c442d32cc9076fcc4aa16b21603d60371e67b4cb10908f037e6104f,2025-12-19T14:49:44+00:00,false,ALIGNED_TO_2025_NATIONAL_STRUCTURE_NOT_NAPPS_ISSUED,false,READY_FOR_ORIGINAL_AUTHORING
napps-web-p2-english-first-7,2,english,first,7,Adjectives: Describing Words,web-napps-aligned-primary-2,https://schemeofwork.com/primary-2-scheme-of-work-unified/,cb969afb2c442d32cc9076fcc4aa16b21603d60371e67b4cb10908f037e6104f,2025-12-19T14:49:44+00:00,true,ALIGNED_TO_2025_NATIONAL_STRUCTURE_NOT_NAPPS_ISSUED,false,READY_FOR_ORIGINAL_AUTHORING
napps-web-p2-english-first-8,2,english,first,8,Phonics II (Consonant Blends and Digraphs),web-napps-aligned-primary-2,https://schemeofwork.com/primary-2-scheme-of-work-unified/,cb969afb2c442d32cc9076fcc4aa16b21603d60371e67b4cb10908f037e6104f,2025-12-19T14:49:44+00:00,true,ALIGNED_TO_2025_NATIONAL_STRUCTURE_NOT_NAPPS_ISSUED,false,READY_FOR_ORIGINAL_AUTHORING
napps-web-p2-english-first-9,2,english,first,9,Listening and Speaking: Asking and Answering Questions,web-napps-aligned-primary-2,https://schemeofwork.com/primary-2-scheme-of-work-unified/,cb969afb2c442d32cc9076fcc4aa16b21603d60371e67b4cb10908f037e6104f,2025-12-19T14:49:44+00:00,true,ALIGNED_TO_2025_NATIONAL_STRUCTURE_NOT_NAPPS_ISSUED,false,READY_FOR_ORIGINAL_AUTHORING
napps-web-p2-english-second-1,2,english,second,1,Phonemic Awareness II (Sound Patterns and Word Families),web-napps-aligned-primary-2,https://schemeofwork.com/primary-2-scheme-of-work-unified/,cb969afb2c442d32cc9076fcc4aa16b21603d60371e67b4cb10908f037e6104f,2025-12-19T14:49:44+00:00,true,ALIGNED_TO_2025_NATIONAL_STRUCTURE_NOT_NAPPS_ISSUED,false,READY_FOR_ORIGINAL_AUTHORING
napps-web-p2-english-second-2,2,english,second,2,Listening to and Telling Stories,web-napps-aligned-primary-2,https://schemeofwork.com/primary-2-scheme-of-work-unified/,cb969afb2c442d32cc9076fcc4aa16b21603d60371e67b4cb10908f037e6104f,2025-12-19T14:49:44+00:00,true,ALIGNED_TO_2025_NATIONAL_STRUCTURE_NOT_NAPPS_ISSUED,false,READY_FOR_ORIGINAL_AUTHORING
napps-web-p2-english-second-3,2,english,second,3,Phonics Practice (Consonant Clusters and Word Building),web-napps-aligned-primary-2,https://schemeofwork.com/primary-2-scheme-of-work-unified/,cb969afb2c442d32cc9076fcc4aa16b21603d60371e67b4cb10908f037e6104f,2025-12-19T14:49:44+00:00,true,ALIGNED_TO_2025_NATIONAL_STRUCTURE_NOT_NAPPS_ISSUED,false,READY_FOR_ORIGINAL_AUTHORING
napps-web-p2-english-second-4,2,english,second,4,Comprehension II (Short Passages and Rhymes),web-napps-aligned-primary-2,https://schemeofwork.com/primary-2-scheme-of-work-unified/,cb969afb2c442d32cc9076fcc4aa16b21603d60371e67b4cb10908f037e6104f,2025-12-19T14:49:44+00:00,true,ALIGNED_TO_2025_NATIONAL_STRUCTURE_NOT_NAPPS_ISSUED,false,READY_FOR_ORIGINAL_AUTHORING
napps-web-p2-english-second-5,2,english,second,5,MID-TERM EXAMINATION,web-napps-aligned-primary-2,https://schemeofwork.com/primary-2-scheme-of-work-unified/,cb969afb2c442d32cc9076fcc4aa16b21603d60371e67b4cb10908f037e6104f,2025-12-19T14:49:44+00:00,false,ALIGNED_TO_2025_NATIONAL_STRUCTURE_NOT_NAPPS_ISSUED,false,READY_FOR_ORIGINAL_AUTHORING
napps-web-p2-english-second-6,2,english,second,6,MID-TERM BREAK,web-napps-aligned-primary-2,https://schemeofwork.com/primary-2-scheme-of-work-unified/,cb969afb2c442d32cc9076fcc4aa16b21603d60371e67b4cb10908f037e6104f,2025-12-19T14:49:44+00:00,false,ALIGNED_TO_2025_NATIONAL_STRUCTURE_NOT_NAPPS_ISSUED,false,READY_FOR_ORIGINAL_AUTHORING
napps-web-p2-english-second-7,2,english,second,7,Using Plurals of Nouns (Regular and Irregular Forms),web-napps-aligned-primary-2,https://schemeofwork.com/primary-2-scheme-of-work-unified/,cb969afb2c442d32cc9076fcc4aa16b21603d60371e67b4cb10908f037e6104f,2025-12-19T14:49:44+00:00,true,ALIGNED_TO_2025_NATIONAL_STRUCTURE_NOT_NAPPS_ISSUED,false,READY_FOR_ORIGINAL_AUTHORING
napps-web-p2-english-second-8,2,english,second,8,Fluency and Reading Aloud (Short Paragraphs),web-napps-aligned-primary-2,https://schemeofwork.com/primary-2-scheme-of-work-unified/,cb969afb2c442d32cc9076fcc4aa16b21603d60371e67b4cb10908f037e6104f,2025-12-19T14:49:44+00:00,true,ALIGNED_TO_2025_NATIONAL_STRUCTURE_NOT_NAPPS_ISSUED,false,READY_FOR_ORIGINAL_AUTHORING
napps-web-p2-english-third-1,2,english,third,1,"Phonics (Consonant Digraphs: ch, sh, th, wh, ph)",web-napps-aligned-primary-2,https://schemeofwork.com/primary-2-scheme-of-work-unified/,cb969afb2c442d32cc9076fcc4aa16b21603d60371e67b4cb10908f037e6104f,2025-12-19T14:49:44+00:00,true,ALIGNED_TO_2025_NATIONAL_STRUCTURE_NOT_NAPPS_ISSUED,false,READY_FOR_ORIGINAL_AUTHORING
napps-web-p2-english-third-2,2,english,third,2,Comprehension III (Short Stories and Poems),web-napps-aligned-primary-2,https://schemeofwork.com/primary-2-scheme-of-work-unified/,cb969afb2c442d32cc9076fcc4aa16b21603d60371e67b4cb10908f037e6104f,2025-12-19T14:49:44+00:00,true,ALIGNED_TO_2025_NATIONAL_STRUCTURE_NOT_NAPPS_ISSUED,false,READY_FOR_ORIGINAL_AUTHORING
napps-web-p2-english-third-3,2,english,third,3,Asking and Answering Questions on Past and Future Actions,web-napps-aligned-primary-2,https://schemeofwork.com/primary-2-scheme-of-work-unified/,cb969afb2c442d32cc9076fcc4aa16b21603d60371e67b4cb10908f037e6104f,2025-12-19T14:49:44+00:00,true,ALIGNED_TO_2025_NATIONAL_STRUCTURE_NOT_NAPPS_ISSUED,false,READY_FOR_ORIGINAL_AUTHORING
napps-web-p2-english-third-4,2,english,third,4,Use of Adjectives in Sentences,web-napps-aligned-primary-2,https://schemeofwork.com/primary-2-scheme-of-work-unified/,cb969afb2c442d32cc9076fcc4aa16b21603d60371e67b4cb10908f037e6104f,2025-12-19T14:49:44+00:00,true,ALIGNED_TO_2025_NATIONAL_STRUCTURE_NOT_NAPPS_ISSUED,false,READY_FOR_ORIGINAL_AUTHORING
napps-web-p2-english-third-5,2,english,third,5,MID-TERM EXAMINATION,web-napps-aligned-primary-2,https://schemeofwork.com/primary-2-scheme-of-work-unified/,cb969afb2c442d32cc9076fcc4aa16b21603d60371e67b4cb10908f037e6104f,2025-12-19T14:49:44+00:00,false,ALIGNED_TO_2025_NATIONAL_STRUCTURE_NOT_NAPPS_ISSUED,false,READY_FOR_ORIGINAL_AUTHORING
napps-web-p2-english-third-6,2,english,third,6,MID-TERM BREAK,web-napps-aligned-primary-2,https://schemeofwork.com/primary-2-scheme-of-work-unified/,cb969afb2c442d32cc9076fcc4aa16b21603d60371e67b4cb10908f037e6104f,2025-12-19T14:49:44+00:00,false,ALIGNED_TO_2025_NATIONAL_STRUCTURE_NOT_NAPPS_ISSUED,false,READY_FOR_ORIGINAL_AUTHORING
napps-web-p2-english-third-7,2,english,third,7,Listening Comprehension (Short Paragraphs),web-napps-aligned-primary-2,https://schemeofwork.com/primary-2-scheme-of-work-unified/,cb969afb2c442d32cc9076fcc4aa16b21603d60371e67b4cb10908f037e6104f,2025-12-19T14:49:44+00:00,true,ALIGNED_TO_2025_NATIONAL_STRUCTURE_NOT_NAPPS_ISSUED,false,READY_FOR_ORIGINAL_AUTHORING
napps-web-p2-english-third-8,2,english,third,8,Comprehension IV (Everyday Situations),web-napps-aligned-primary-2,https://schemeofwork.com/primary-2-scheme-of-work-unified/,cb969afb2c442d32cc9076fcc4aa16b21603d60371e67b4cb10908f037e6104f,2025-12-19T14:49:44+00:00,true,ALIGNED_TO_2025_NATIONAL_STRUCTURE_NOT_NAPPS_ISSUED,false,READY_FOR_ORIGINAL_AUTHORING
napps-web-p2-mathematics-first-1,2,mathematics,first,1,Whole Numbers (1–100),web-napps-aligned-primary-2,https://schemeofwork.com/primary-2-scheme-of-work-unified/,cb969afb2c442d32cc9076fcc4aa16b21603d60371e67b4cb10908f037e6104f,2025-12-19T14:49:44+00:00,true,ALIGNED_TO_2025_NATIONAL_STRUCTURE_NOT_NAPPS_ISSUED,false,READY_FOR_ORIGINAL_AUTHORING
napps-web-p2-mathematics-first-2,2,mathematics,first,2,Whole Numbers (101–200),web-napps-aligned-primary-2,https://schemeofwork.com/primary-2-scheme-of-work-unified/,cb969afb2c442d32cc9076fcc4aa16b21603d60371e67b4cb10908f037e6104f,2025-12-19T14:49:44+00:00,true,ALIGNED_TO_2025_NATIONAL_STRUCTURE_NOT_NAPPS_ISSUED,false,READY_FOR_ORIGINAL_AUTHORING
napps-web-p2-mathematics-first-3,2,mathematics,first,3,Fractions (Part 1),web-napps-aligned-primary-2,https://schemeofwork.com/primary-2-scheme-of-work-unified/,cb969afb2c442d32cc9076fcc4aa16b21603d60371e67b4cb10908f037e6104f,2025-12-19T14:49:44+00:00,true,ALIGNED_TO_2025_NATIONAL_STRUCTURE_NOT_NAPPS_ISSUED,false,READY_FOR_ORIGINAL_AUTHORING
napps-web-p2-mathematics-first-4,2,mathematics,first,4,Fractions (Part 2),web-napps-aligned-primary-2,https://schemeofwork.com/primary-2-scheme-of-work-unified/,cb969afb2c442d32cc9076fcc4aa16b21603d60371e67b4cb10908f037e6104f,2025-12-19T14:49:44+00:00,true,ALIGNED_TO_2025_NATIONAL_STRUCTURE_NOT_NAPPS_ISSUED,false,READY_FOR_ORIGINAL_AUTHORING
napps-web-p2-mathematics-first-5,2,mathematics,first,5,MID-TERM EXAMINATION,web-napps-aligned-primary-2,https://schemeofwork.com/primary-2-scheme-of-work-unified/,cb969afb2c442d32cc9076fcc4aa16b21603d60371e67b4cb10908f037e6104f,2025-12-19T14:49:44+00:00,false,ALIGNED_TO_2025_NATIONAL_STRUCTURE_NOT_NAPPS_ISSUED,false,READY_FOR_ORIGINAL_AUTHORING
napps-web-p2-mathematics-first-6,2,mathematics,first,6,MID-TERM BREAK,web-napps-aligned-primary-2,https://schemeofwork.com/primary-2-scheme-of-work-unified/,cb969afb2c442d32cc9076fcc4aa16b21603d60371e67b4cb10908f037e6104f,2025-12-19T14:49:44+00:00,false,ALIGNED_TO_2025_NATIONAL_STRUCTURE_NOT_NAPPS_ISSUED,false,READY_FOR_ORIGINAL_AUTHORING
napps-web-p2-mathematics-first-7,2,mathematics,first,7,Addition (Part 1),web-napps-aligned-primary-2,https://schemeofwork.com/primary-2-scheme-of-work-unified/,cb969afb2c442d32cc9076fcc4aa16b21603d60371e67b4cb10908f037e6104f,2025-12-19T14:49:44+00:00,true,ALIGNED_TO_2025_NATIONAL_STRUCTURE_NOT_NAPPS_ISSUED,false,READY_FOR_ORIGINAL_AUTHORING
napps-web-p2-mathematics-first-8,2,mathematics,first,8,Addition (Part 2),web-napps-aligned-primary-2,https://schemeofwork.com/primary-2-scheme-of-work-unified/,cb969afb2c442d32cc9076fcc4aa16b21603d60371e67b4cb10908f037e6104f,2025-12-19T14:49:44+00:00,true,ALIGNED_TO_2025_NATIONAL_STRUCTURE_NOT_NAPPS_ISSUED,false,READY_FOR_ORIGINAL_AUTHORING
napps-web-p2-mathematics-second-1,2,mathematics,second,1,Multiplication (Part 1),web-napps-aligned-primary-2,https://schemeofwork.com/primary-2-scheme-of-work-unified/,cb969afb2c442d32cc9076fcc4aa16b21603d60371e67b4cb10908f037e6104f,2025-12-19T14:49:44+00:00,true,ALIGNED_TO_2025_NATIONAL_STRUCTURE_NOT_NAPPS_ISSUED,false,READY_FOR_ORIGINAL_AUTHORING
napps-web-p2-mathematics-second-2,2,mathematics,second,2,Multiplication (Part 2),web-napps-aligned-primary-2,https://schemeofwork.com/primary-2-scheme-of-work-unified/,cb969afb2c442d32cc9076fcc4aa16b21603d60371e67b4cb10908f037e6104f,2025-12-19T14:49:44+00:00,true,ALIGNED_TO_2025_NATIONAL_STRUCTURE_NOT_NAPPS_ISSUED,false,READY_FOR_ORIGINAL_AUTHORING
napps-web-p2-mathematics-second-3,2,mathematics,second,3,Open Sentences (Algebraic Expressions),web-napps-aligned-primary-2,https://schemeofwork.com/primary-2-scheme-of-work-unified/,cb969afb2c442d32cc9076fcc4aa16b21603d60371e67b4cb10908f037e6104f,2025-12-19T14:49:44+00:00,true,ALIGNED_TO_2025_NATIONAL_STRUCTURE_NOT_NAPPS_ISSUED,false,READY_FOR_ORIGINAL_AUTHORING
napps-web-p2-mathematics-second-4,2,mathematics,second,4,Money (Part 1),web-napps-aligned-primary-2,https://schemeofwork.com/primary-2-scheme-of-work-unified/,cb969afb2c442d32cc9076fcc4aa16b21603d60371e67b4cb10908f037e6104f,2025-12-19T14:49:44+00:00,true,ALIGNED_TO_2025_NATIONAL_STRUCTURE_NOT_NAPPS_ISSUED,false,READY_FOR_ORIGINAL_AUTHORING
napps-web-p2-mathematics-second-5,2,mathematics,second,5,MID-TERM EXAMINATION,web-napps-aligned-primary-2,https://schemeofwork.com/primary-2-scheme-of-work-unified/,cb969afb2c442d32cc9076fcc4aa16b21603d60371e67b4cb10908f037e6104f,2025-12-19T14:49:44+00:00,false,ALIGNED_TO_2025_NATIONAL_STRUCTURE_NOT_NAPPS_ISSUED,false,READY_FOR_ORIGINAL_AUTHORING
napps-web-p2-mathematics-second-6,2,mathematics,second,6,MID-TERM BREAK,web-napps-aligned-primary-2,https://schemeofwork.com/primary-2-scheme-of-work-unified/,cb969afb2c442d32cc9076fcc4aa16b21603d60371e67b4cb10908f037e6104f,2025-12-19T14:49:44+00:00,false,ALIGNED_TO_2025_NATIONAL_STRUCTURE_NOT_NAPPS_ISSUED,false,READY_FOR_ORIGINAL_AUTHORING
napps-web-p2-mathematics-second-7,2,mathematics,second,7,Money (Part 2),web-napps-aligned-primary-2,https://schemeofwork.com/primary-2-scheme-of-work-unified/,cb969afb2c442d32cc9076fcc4aa16b21603d60371e67b4cb10908f037e6104f,2025-12-19T14:49:44+00:00,true,ALIGNED_TO_2025_NATIONAL_STRUCTURE_NOT_NAPPS_ISSUED,false,READY_FOR_ORIGINAL_AUTHORING
napps-web-p2-mathematics-second-8,2,mathematics,second,8,Length,web-napps-aligned-primary-2,https://schemeofwork.com/primary-2-scheme-of-work-unified/,cb969afb2c442d32cc9076fcc4aa16b21603d60371e67b4cb10908f037e6104f,2025-12-19T14:49:44+00:00,true,ALIGNED_TO_2025_NATIONAL_STRUCTURE_NOT_NAPPS_ISSUED,false,READY_FOR_ORIGINAL_AUTHORING
napps-web-p2-mathematics-second-9,2,mathematics,second,9,Time (Part 1),web-napps-aligned-primary-2,https://schemeofwork.com/primary-2-scheme-of-work-unified/,cb969afb2c442d32cc9076fcc4aa16b21603d60371e67b4cb10908f037e6104f,2025-12-19T14:49:44+00:00,true,ALIGNED_TO_2025_NATIONAL_STRUCTURE_NOT_NAPPS_ISSUED,false,READY_FOR_ORIGINAL_AUTHORING
napps-web-p2-mathematics-third-1,2,mathematics,third,1,Weight,web-napps-aligned-primary-2,https://schemeofwork.com/primary-2-scheme-of-work-unified/,cb969afb2c442d32cc9076fcc4aa16b21603d60371e67b4cb10908f037e6104f,2025-12-19T14:49:44+00:00,true,ALIGNED_TO_2025_NATIONAL_STRUCTURE_NOT_NAPPS_ISSUED,false,READY_FOR_ORIGINAL_AUTHORING
napps-web-p2-mathematics-third-2,2,mathematics,third,2,Capacity,web-napps-aligned-primary-2,https://schemeofwork.com/primary-2-scheme-of-work-unified/,cb969afb2c442d32cc9076fcc4aa16b21603d60371e67b4cb10908f037e6104f,2025-12-19T14:49:44+00:00,true,ALIGNED_TO_2025_NATIONAL_STRUCTURE_NOT_NAPPS_ISSUED,false,READY_FOR_ORIGINAL_AUTHORING
napps-web-p2-mathematics-third-3,2,mathematics,third,3,Area (Introduction),web-napps-aligned-primary-2,https://schemeofwork.com/primary-2-scheme-of-work-unified/,cb969afb2c442d32cc9076fcc4aa16b21603d60371e67b4cb10908f037e6104f,2025-12-19T14:49:44+00:00,true,ALIGNED_TO_2025_NATIONAL_STRUCTURE_NOT_NAPPS_ISSUED,false,READY_FOR_ORIGINAL_AUTHORING
napps-web-p2-mathematics-third-4,2,mathematics,third,4,2-Dimensional Shapes,web-napps-aligned-primary-2,https://schemeofwork.com/primary-2-scheme-of-work-unified/,cb969afb2c442d32cc9076fcc4aa16b21603d60371e67b4cb10908f037e6104f,2025-12-19T14:49:44+00:00,true,ALIGNED_TO_2025_NATIONAL_STRUCTURE_NOT_NAPPS_ISSUED,false,READY_FOR_ORIGINAL_AUTHORING
napps-web-p2-mathematics-third-5,2,mathematics,third,5,MID-TERM EXAMINATION,web-napps-aligned-primary-2,https://schemeofwork.com/primary-2-scheme-of-work-unified/,cb969afb2c442d32cc9076fcc4aa16b21603d60371e67b4cb10908f037e6104f,2025-12-19T14:49:44+00:00,false,ALIGNED_TO_2025_NATIONAL_STRUCTURE_NOT_NAPPS_ISSUED,false,READY_FOR_ORIGINAL_AUTHORING
napps-web-p2-mathematics-third-6,2,mathematics,third,6,MID-TERM BREAK,web-napps-aligned-primary-2,https://schemeofwork.com/primary-2-scheme-of-work-unified/,cb969afb2c442d32cc9076fcc4aa16b21603d60371e67b4cb10908f037e6104f,2025-12-19T14:49:44+00:00,false,ALIGNED_TO_2025_NATIONAL_STRUCTURE_NOT_NAPPS_ISSUED,false,READY_FOR_ORIGINAL_AUTHORING
napps-web-p2-mathematics-third-7,2,mathematics,third,7,3-Dimensional Shapes,web-napps-aligned-primary-2,https://schemeofwork.com/primary-2-scheme-of-work-unified/,cb969afb2c442d32cc9076fcc4aa16b21603d60371e67b4cb10908f037e6104f,2025-12-19T14:49:44+00:00,true,ALIGNED_TO_2025_NATIONAL_STRUCTURE_NOT_NAPPS_ISSUED,false,READY_FOR_ORIGINAL_AUTHORING
napps-web-p2-mathematics-third-8,2,mathematics,third,8,Data Collection (Everyday Statistics),web-napps-aligned-primary-2,https://schemeofwork.com/primary-2-scheme-of-work-unified/,cb969afb2c442d32cc9076fcc4aa16b21603d60371e67b4cb10908f037e6104f,2025-12-19T14:49:44+00:00,true,ALIGNED_TO_2025_NATIONAL_STRUCTURE_NOT_NAPPS_ISSUED,false,READY_FOR_ORIGINAL_AUTHORING
napps-web-p3-english-first-1,3,english,first,1,Phonemic Awareness & Listening,web-napps-aligned-primary-3,https://schemeofwork.com/primary-3-scheme-of-work-unified/,4429bd836a43f9e8f00b8d84967348083e8359058d695e820f7b6279c4ca8037,2025-12-19T14:50:33+00:00,true,ALIGNED_TO_2025_NATIONAL_STRUCTURE_NOT_NAPPS_ISSUED,false,READY_FOR_ORIGINAL_AUTHORING
napps-web-p3-english-first-10,3,english,first,10,Reading & Grammar,web-napps-aligned-primary-3,https://schemeofwork.com/primary-3-scheme-of-work-unified/,4429bd836a43f9e8f00b8d84967348083e8359058d695e820f7b6279c4ca8037,2025-12-19T14:50:33+00:00,true,ALIGNED_TO_2025_NATIONAL_STRUCTURE_NOT_NAPPS_ISSUED,false,READY_FOR_ORIGINAL_AUTHORING
napps-web-p3-english-first-11,3,english,first,11,Writing & Handwriting,web-napps-aligned-primary-3,https://schemeofwork.com/primary-3-scheme-of-work-unified/,4429bd836a43f9e8f00b8d84967348083e8359058d695e820f7b6279c4ca8037,2025-12-19T14:50:33+00:00,true,ALIGNED_TO_2025_NATIONAL_STRUCTURE_NOT_NAPPS_ISSUED,false,READY_FOR_ORIGINAL_AUTHORING
napps-web-p3-english-first-12,3,english,first,12,Revision,web-napps-aligned-primary-3,https://schemeofwork.com/primary-3-scheme-of-work-unified/,4429bd836a43f9e8f00b8d84967348083e8359058d695e820f7b6279c4ca8037,2025-12-19T14:50:33+00:00,false,ALIGNED_TO_2025_NATIONAL_STRUCTURE_NOT_NAPPS_ISSUED,false,READY_FOR_ORIGINAL_AUTHORING
napps-web-p3-english-first-13,3,english,first,13,Examination / Closing,web-napps-aligned-primary-3,https://schemeofwork.com/primary-3-scheme-of-work-unified/,4429bd836a43f9e8f00b8d84967348083e8359058d695e820f7b6279c4ca8037,2025-12-19T14:50:33+00:00,false,ALIGNED_TO_2025_NATIONAL_STRUCTURE_NOT_NAPPS_ISSUED,false,READY_FOR_ORIGINAL_AUTHORING
napps-web-p3-english-first-2,3,english,first,2,Phonics & Writing,web-napps-aligned-primary-3,https://schemeofwork.com/primary-3-scheme-of-work-unified/,4429bd836a43f9e8f00b8d84967348083e8359058d695e820f7b6279c4ca8037,2025-12-19T14:50:33+00:00,true,ALIGNED_TO_2025_NATIONAL_STRUCTURE_NOT_NAPPS_ISSUED,false,READY_FOR_ORIGINAL_AUTHORING
napps-web-p3-english-first-3,3,english,first,3,Reading & Grammar,web-napps-aligned-primary-3,https://schemeofwork.com/primary-3-scheme-of-work-unified/,4429bd836a43f9e8f00b8d84967348083e8359058d695e820f7b6279c4ca8037,2025-12-19T14:50:33+00:00,true,ALIGNED_TO_2025_NATIONAL_STRUCTURE_NOT_NAPPS_ISSUED,false,READY_FOR_ORIGINAL_AUTHORING
napps-web-p3-english-first-4,3,english,first,4,Speaking & Grammar,web-napps-aligned-primary-3,https://schemeofwork.com/primary-3-scheme-of-work-unified/,4429bd836a43f9e8f00b8d84967348083e8359058d695e820f7b6279c4ca8037,2025-12-19T14:50:33+00:00,true,ALIGNED_TO_2025_NATIONAL_STRUCTURE_NOT_NAPPS_ISSUED,false,READY_FOR_ORIGINAL_AUTHORING
napps-web-p3-english-first-5,3,english,first,5,Midterm Test,web-napps-aligned-primary-3,https://schemeofwork.com/primary-3-scheme-of-work-unified/,4429bd836a43f9e8f00b8d84967348083e8359058d695e820f7b6279c4ca8037,2025-12-19T14:50:33+00:00,false,ALIGNED_TO_2025_NATIONAL_STRUCTURE_NOT_NAPPS_ISSUED,false,READY_FOR_ORIGINAL_AUTHORING
napps-web-p3-english-first-6,3,english,first,6,Reading Comprehension & Writing,web-napps-aligned-primary-3,https://schemeofwork.com/primary-3-scheme-of-work-unified/,4429bd836a43f9e8f00b8d84967348083e8359058d695e820f7b6279c4ca8037,2025-12-19T14:50:33+00:00,true,ALIGNED_TO_2025_NATIONAL_STRUCTURE_NOT_NAPPS_ISSUED,false,READY_FOR_ORIGINAL_AUTHORING
napps-web-p3-english-first-7,3,english,first,7,Midterm Break,web-napps-aligned-primary-3,https://schemeofwork.com/primary-3-scheme-of-work-unified/,4429bd836a43f9e8f00b8d84967348083e8359058d695e820f7b6279c4ca8037,2025-12-19T14:50:33+00:00,false,ALIGNED_TO_2025_NATIONAL_STRUCTURE_NOT_NAPPS_ISSUED,false,READY_FOR_ORIGINAL_AUTHORING
napps-web-p3-english-first-8,3,english,first,8,Listening & Grammar,web-napps-aligned-primary-3,https://schemeofwork.com/primary-3-scheme-of-work-unified/,4429bd836a43f9e8f00b8d84967348083e8359058d695e820f7b6279c4ca8037,2025-12-19T14:50:33+00:00,true,ALIGNED_TO_2025_NATIONAL_STRUCTURE_NOT_NAPPS_ISSUED,false,READY_FOR_ORIGINAL_AUTHORING
napps-web-p3-english-first-9,3,english,first,9,Speaking & Writing,web-napps-aligned-primary-3,https://schemeofwork.com/primary-3-scheme-of-work-unified/,4429bd836a43f9e8f00b8d84967348083e8359058d695e820f7b6279c4ca8037,2025-12-19T14:50:33+00:00,true,ALIGNED_TO_2025_NATIONAL_STRUCTURE_NOT_NAPPS_ISSUED,false,READY_FOR_ORIGINAL_AUTHORING
napps-web-p3-english-second-1,3,english,second,1,Reading & Phonics,web-napps-aligned-primary-3,https://schemeofwork.com/primary-3-scheme-of-work-unified/,4429bd836a43f9e8f00b8d84967348083e8359058d695e820f7b6279c4ca8037,2025-12-19T14:50:33+00:00,true,ALIGNED_TO_2025_NATIONAL_STRUCTURE_NOT_NAPPS_ISSUED,false,READY_FOR_ORIGINAL_AUTHORING
napps-web-p3-english-second-10,3,english,second,10,Listening & Speaking,web-napps-aligned-primary-3,https://schemeofwork.com/primary-3-scheme-of-work-unified/,4429bd836a43f9e8f00b8d84967348083e8359058d695e820f7b6279c4ca8037,2025-12-19T14:50:33+00:00,true,ALIGNED_TO_2025_NATIONAL_STRUCTURE_NOT_NAPPS_ISSUED,false,READY_FOR_ORIGINAL_AUTHORING
napps-web-p3-english-second-11,3,english,second,11,Reading & Handwriting,web-napps-aligned-primary-3,https://schemeofwork.com/primary-3-scheme-of-work-unified/,4429bd836a43f9e8f00b8d84967348083e8359058d695e820f7b6279c4ca8037,2025-12-19T14:50:33+00:00,true,ALIGNED_TO_2025_NATIONAL_STRUCTURE_NOT_NAPPS_ISSUED,false,READY_FOR_ORIGINAL_AUTHORING
napps-web-p3-english-second-12,3,english,second,12,Revision,web-napps-aligned-primary-3,https://schemeofwork.com/primary-3-scheme-of-work-unified/,4429bd836a43f9e8f00b8d84967348083e8359058d695e820f7b6279c4ca8037,2025-12-19T14:50:33+00:00,false,ALIGNED_TO_2025_NATIONAL_STRUCTURE_NOT_NAPPS_ISSUED,false,READY_FOR_ORIGINAL_AUTHORING
napps-web-p3-english-second-13,3,english,second,13,Examination / Closing,web-napps-aligned-primary-3,https://schemeofwork.com/primary-3-scheme-of-work-unified/,4429bd836a43f9e8f00b8d84967348083e8359058d695e820f7b6279c4ca8037,2025-12-19T14:50:33+00:00,false,ALIGNED_TO_2025_NATIONAL_STRUCTURE_NOT_NAPPS_ISSUED,false,READY_FOR_ORIGINAL_AUTHORING
napps-web-p3-english-second-2,3,english,second,2,Listening & Grammar,web-napps-aligned-primary-3,https://schemeofwork.com/primary-3-scheme-of-work-unified/,4429bd836a43f9e8f00b8d84967348083e8359058d695e820f7b6279c4ca8037,2025-12-19T14:50:33+00:00,true,ALIGNED_TO_2025_NATIONAL_STRUCTURE_NOT_NAPPS_ISSUED,false,READY_FOR_ORIGINAL_AUTHORING
napps-web-p3-english-second-3,3,english,second,3,Writing & Speaking,web-napps-aligned-primary-3,https://schemeofwork.com/primary-3-scheme-of-work-unified/,4429bd836a43f9e8f00b8d84967348083e8359058d695e820f7b6279c4ca8037,2025-12-19T14:50:33+00:00,true,ALIGNED_TO_2025_NATIONAL_STRUCTURE_NOT_NAPPS_ISSUED,false,READY_FOR_ORIGINAL_AUTHORING
napps-web-p3-english-second-4,3,english,second,4,Reading & Comprehension,web-napps-aligned-primary-3,https://schemeofwork.com/primary-3-scheme-of-work-unified/,4429bd836a43f9e8f00b8d84967348083e8359058d695e820f7b6279c4ca8037,2025-12-19T14:50:33+00:00,true,ALIGNED_TO_2025_NATIONAL_STRUCTURE_NOT_NAPPS_ISSUED,false,READY_FOR_ORIGINAL_AUTHORING
napps-web-p3-english-second-5,3,english,second,5,Midterm Test,web-napps-aligned-primary-3,https://schemeofwork.com/primary-3-scheme-of-work-unified/,4429bd836a43f9e8f00b8d84967348083e8359058d695e820f7b6279c4ca8037,2025-12-19T14:50:33+00:00,false,ALIGNED_TO_2025_NATIONAL_STRUCTURE_NOT_NAPPS_ISSUED,false,READY_FOR_ORIGINAL_AUTHORING
napps-web-p3-english-second-6,3,english,second,6,Speaking & Grammar,web-napps-aligned-primary-3,https://schemeofwork.com/primary-3-scheme-of-work-unified/,4429bd836a43f9e8f00b8d84967348083e8359058d695e820f7b6279c4ca8037,2025-12-19T14:50:33+00:00,true,ALIGNED_TO_2025_NATIONAL_STRUCTURE_NOT_NAPPS_ISSUED,false,READY_FOR_ORIGINAL_AUTHORING
napps-web-p3-english-second-7,3,english,second,7,Midterm Break,web-napps-aligned-primary-3,https://schemeofwork.com/primary-3-scheme-of-work-unified/,4429bd836a43f9e8f00b8d84967348083e8359058d695e820f7b6279c4ca8037,2025-12-19T14:50:33+00:00,false,ALIGNED_TO_2025_NATIONAL_STRUCTURE_NOT_NAPPS_ISSUED,false,READY_FOR_ORIGINAL_AUTHORING
napps-web-p3-english-second-8,3,english,second,8,Reading & Vocabulary,web-napps-aligned-primary-3,https://schemeofwork.com/primary-3-scheme-of-work-unified/,4429bd836a43f9e8f00b8d84967348083e8359058d695e820f7b6279c4ca8037,2025-12-19T14:50:33+00:00,true,ALIGNED_TO_2025_NATIONAL_STRUCTURE_NOT_NAPPS_ISSUED,false,READY_FOR_ORIGINAL_AUTHORING
napps-web-p3-english-second-9,3,english,second,9,Writing & Grammar,web-napps-aligned-primary-3,https://schemeofwork.com/primary-3-scheme-of-work-unified/,4429bd836a43f9e8f00b8d84967348083e8359058d695e820f7b6279c4ca8037,2025-12-19T14:50:33+00:00,true,ALIGNED_TO_2025_NATIONAL_STRUCTURE_NOT_NAPPS_ISSUED,false,READY_FOR_ORIGINAL_AUTHORING
napps-web-p3-english-third-1,3,english,third,1,Reading & Grammar,web-napps-aligned-primary-3,https://schemeofwork.com/primary-3-scheme-of-work-unified/,4429bd836a43f9e8f00b8d84967348083e8359058d695e820f7b6279c4ca8037,2025-12-19T14:50:33+00:00,true,ALIGNED_TO_2025_NATIONAL_STRUCTURE_NOT_NAPPS_ISSUED,false,READY_FOR_ORIGINAL_AUTHORING
napps-web-p3-english-third-10,3,english,third,10,Writing & Grammar,web-napps-aligned-primary-3,https://schemeofwork.com/primary-3-scheme-of-work-unified/,4429bd836a43f9e8f00b8d84967348083e8359058d695e820f7b6279c4ca8037,2025-12-19T14:50:33+00:00,true,ALIGNED_TO_2025_NATIONAL_STRUCTURE_NOT_NAPPS_ISSUED,false,READY_FOR_ORIGINAL_AUTHORING
napps-web-p3-english-third-11,3,english,third,11,Reading & Concepts of Print,web-napps-aligned-primary-3,https://schemeofwork.com/primary-3-scheme-of-work-unified/,4429bd836a43f9e8f00b8d84967348083e8359058d695e820f7b6279c4ca8037,2025-12-19T14:50:33+00:00,true,ALIGNED_TO_2025_NATIONAL_STRUCTURE_NOT_NAPPS_ISSUED,false,READY_FOR_ORIGINAL_AUTHORING
napps-web-p3-english-third-12,3,english,third,12,Revision,web-napps-aligned-primary-3,https://schemeofwork.com/primary-3-scheme-of-work-unified/,4429bd836a43f9e8f00b8d84967348083e8359058d695e820f7b6279c4ca8037,2025-12-19T14:50:33+00:00,false,ALIGNED_TO_2025_NATIONAL_STRUCTURE_NOT_NAPPS_ISSUED,false,READY_FOR_ORIGINAL_AUTHORING
napps-web-p3-english-third-13,3,english,third,13,Examination / Closing,web-napps-aligned-primary-3,https://schemeofwork.com/primary-3-scheme-of-work-unified/,4429bd836a43f9e8f00b8d84967348083e8359058d695e820f7b6279c4ca8037,2025-12-19T14:50:33+00:00,false,ALIGNED_TO_2025_NATIONAL_STRUCTURE_NOT_NAPPS_ISSUED,false,READY_FOR_ORIGINAL_AUTHORING
napps-web-p3-english-third-2,3,english,third,2,Speaking & Listening,web-napps-aligned-primary-3,https://schemeofwork.com/primary-3-scheme-of-work-unified/,4429bd836a43f9e8f00b8d84967348083e8359058d695e820f7b6279c4ca8037,2025-12-19T14:50:33+00:00,true,ALIGNED_TO_2025_NATIONAL_STRUCTURE_NOT_NAPPS_ISSUED,false,READY_FOR_ORIGINAL_AUTHORING
napps-web-p3-english-third-3,3,english,third,3,Writing & Grammar,web-napps-aligned-primary-3,https://schemeofwork.com/primary-3-scheme-of-work-unified/,4429bd836a43f9e8f00b8d84967348083e8359058d695e820f7b6279c4ca8037,2025-12-19T14:50:33+00:00,true,ALIGNED_TO_2025_NATIONAL_STRUCTURE_NOT_NAPPS_ISSUED,false,READY_FOR_ORIGINAL_AUTHORING
napps-web-p3-english-third-4,3,english,third,4,Reading & Comprehension,web-napps-aligned-primary-3,https://schemeofwork.com/primary-3-scheme-of-work-unified/,4429bd836a43f9e8f00b8d84967348083e8359058d695e820f7b6279c4ca8037,2025-12-19T14:50:33+00:00,true,ALIGNED_TO_2025_NATIONAL_STRUCTURE_NOT_NAPPS_ISSUED,false,READY_FOR_ORIGINAL_AUTHORING
napps-web-p3-english-third-5,3,english,third,5,Midterm Test,web-napps-aligned-primary-3,https://schemeofwork.com/primary-3-scheme-of-work-unified/,4429bd836a43f9e8f00b8d84967348083e8359058d695e820f7b6279c4ca8037,2025-12-19T14:50:33+00:00,false,ALIGNED_TO_2025_NATIONAL_STRUCTURE_NOT_NAPPS_ISSUED,false,READY_FOR_ORIGINAL_AUTHORING
napps-web-p3-english-third-6,3,english,third,6,Grammar & Speaking,web-napps-aligned-primary-3,https://schemeofwork.com/primary-3-scheme-of-work-unified/,4429bd836a43f9e8f00b8d84967348083e8359058d695e820f7b6279c4ca8037,2025-12-19T14:50:33+00:00,true,ALIGNED_TO_2025_NATIONAL_STRUCTURE_NOT_NAPPS_ISSUED,false,READY_FOR_ORIGINAL_AUTHORING
napps-web-p3-english-third-7,3,english,third,7,Midterm Break,web-napps-aligned-primary-3,https://schemeofwork.com/primary-3-scheme-of-work-unified/,4429bd836a43f9e8f00b8d84967348083e8359058d695e820f7b6279c4ca8037,2025-12-19T14:50:33+00:00,false,ALIGNED_TO_2025_NATIONAL_STRUCTURE_NOT_NAPPS_ISSUED,false,READY_FOR_ORIGINAL_AUTHORING
napps-web-p3-english-third-8,3,english,third,8,Grammar & Writing,web-napps-aligned-primary-3,https://schemeofwork.com/primary-3-scheme-of-work-unified/,4429bd836a43f9e8f00b8d84967348083e8359058d695e820f7b6279c4ca8037,2025-12-19T14:50:33+00:00,true,ALIGNED_TO_2025_NATIONAL_STRUCTURE_NOT_NAPPS_ISSUED,false,READY_FOR_ORIGINAL_AUTHORING
napps-web-p3-english-third-9,3,english,third,9,Reading & Listening,web-napps-aligned-primary-3,https://schemeofwork.com/primary-3-scheme-of-work-unified/,4429bd836a43f9e8f00b8d84967348083e8359058d695e820f7b6279c4ca8037,2025-12-19T14:50:33+00:00,true,ALIGNED_TO_2025_NATIONAL_STRUCTURE_NOT_NAPPS_ISSUED,false,READY_FOR_ORIGINAL_AUTHORING
napps-web-p3-mathematics-first-1,3,mathematics,first,1,Whole Numbers up to 999,web-napps-aligned-primary-3,https://schemeofwork.com/primary-3-scheme-of-work-unified/,4429bd836a43f9e8f00b8d84967348083e8359058d695e820f7b6279c4ca8037,2025-12-19T14:50:33+00:00,true,ALIGNED_TO_2025_NATIONAL_STRUCTURE_NOT_NAPPS_ISSUED,false,READY_FOR_ORIGINAL_AUTHORING
napps-web-p3-mathematics-first-10,3,mathematics,first,10,Revision,web-napps-aligned-primary-3,https://schemeofwork.com/primary-3-scheme-of-work-unified/,4429bd836a43f9e8f00b8d84967348083e8359058d695e820f7b6279c4ca8037,2025-12-19T14:50:33+00:00,false,ALIGNED_TO_2025_NATIONAL_STRUCTURE_NOT_NAPPS_ISSUED,false,READY_FOR_ORIGINAL_AUTHORING
napps-web-p3-mathematics-first-11-13,3,mathematics,first,11–13,Examination / Closing,web-napps-aligned-primary-3,https://schemeofwork.com/primary-3-scheme-of-work-unified/,4429bd836a43f9e8f00b8d84967348083e8359058d695e820f7b6279c4ca8037,2025-12-19T14:50:33+00:00,false,ALIGNED_TO_2025_NATIONAL_STRUCTURE_NOT_NAPPS_ISSUED,false,READY_FOR_ORIGINAL_AUTHORING
napps-web-p3-mathematics-first-2,3,mathematics,first,2,Whole Numbers up to 999,web-napps-aligned-primary-3,https://schemeofwork.com/primary-3-scheme-of-work-unified/,4429bd836a43f9e8f00b8d84967348083e8359058d695e820f7b6279c4ca8037,2025-12-19T14:50:33+00:00,true,ALIGNED_TO_2025_NATIONAL_STRUCTURE_NOT_NAPPS_ISSUED,false,READY_FOR_ORIGINAL_AUTHORING
napps-web-p3-mathematics-first-3,3,mathematics,first,3,Whole Numbers up to 999,web-napps-aligned-primary-3,https://schemeofwork.com/primary-3-scheme-of-work-unified/,4429bd836a43f9e8f00b8d84967348083e8359058d695e820f7b6279c4ca8037,2025-12-19T14:50:33+00:00,true,ALIGNED_TO_2025_NATIONAL_STRUCTURE_NOT_NAPPS_ISSUED,false,READY_FOR_ORIGINAL_AUTHORING
napps-web-p3-mathematics-first-4,3,mathematics,first,4,Fractions,web-napps-aligned-primary-3,https://schemeofwork.com/primary-3-scheme-of-work-unified/,4429bd836a43f9e8f00b8d84967348083e8359058d695e820f7b6279c4ca8037,2025-12-19T14:50:33+00:00,true,ALIGNED_TO_2025_NATIONAL_STRUCTURE_NOT_NAPPS_ISSUED,false,READY_FOR_ORIGINAL_AUTHORING
napps-web-p3-mathematics-first-5,3,mathematics,first,5,Midterm Test,web-napps-aligned-primary-3,https://schemeofwork.com/primary-3-scheme-of-work-unified/,4429bd836a43f9e8f00b8d84967348083e8359058d695e820f7b6279c4ca8037,2025-12-19T14:50:33+00:00,false,ALIGNED_TO_2025_NATIONAL_STRUCTURE_NOT_NAPPS_ISSUED,false,READY_FOR_ORIGINAL_AUTHORING
napps-web-p3-mathematics-first-6,3,mathematics,first,6,Fractions,web-napps-aligned-primary-3,https://schemeofwork.com/primary-3-scheme-of-work-unified/,4429bd836a43f9e8f00b8d84967348083e8359058d695e820f7b6279c4ca8037,2025-12-19T14:50:33+00:00,true,ALIGNED_TO_2025_NATIONAL_STRUCTURE_NOT_NAPPS_ISSUED,false,READY_FOR_ORIGINAL_AUTHORING
napps-web-p3-mathematics-first-7,3,mathematics,first,7,Midterm Break,web-napps-aligned-primary-3,https://schemeofwork.com/primary-3-scheme-of-work-unified/,4429bd836a43f9e8f00b8d84967348083e8359058d695e820f7b6279c4ca8037,2025-12-19T14:50:33+00:00,false,ALIGNED_TO_2025_NATIONAL_STRUCTURE_NOT_NAPPS_ISSUED,false,READY_FOR_ORIGINAL_AUTHORING
napps-web-p3-mathematics-first-8,3,mathematics,first,8,Fractions,web-napps-aligned-primary-3,https://schemeofwork.com/primary-3-scheme-of-work-unified/,4429bd836a43f9e8f00b8d84967348083e8359058d695e820f7b6279c4ca8037,2025-12-19T14:50:33+00:00,true,ALIGNED_TO_2025_NATIONAL_STRUCTURE_NOT_NAPPS_ISSUED,false,READY_FOR_ORIGINAL_AUTHORING
napps-web-p3-mathematics-first-9,3,mathematics,first,9,Fractions,web-napps-aligned-primary-3,https://schemeofwork.com/primary-3-scheme-of-work-unified/,4429bd836a43f9e8f00b8d84967348083e8359058d695e820f7b6279c4ca8037,2025-12-19T14:50:33+00:00,true,ALIGNED_TO_2025_NATIONAL_STRUCTURE_NOT_NAPPS_ISSUED,false,READY_FOR_ORIGINAL_AUTHORING
napps-web-p3-mathematics-second-1,3,mathematics,second,1,Addition,web-napps-aligned-primary-3,https://schemeofwork.com/primary-3-scheme-of-work-unified/,4429bd836a43f9e8f00b8d84967348083e8359058d695e820f7b6279c4ca8037,2025-12-19T14:50:33+00:00,true,ALIGNED_TO_2025_NATIONAL_STRUCTURE_NOT_NAPPS_ISSUED,false,READY_FOR_ORIGINAL_AUTHORING
napps-web-p3-mathematics-second-10,3,mathematics,second,10,Division,web-napps-aligned-primary-3,https://schemeofwork.com/primary-3-scheme-of-work-unified/,4429bd836a43f9e8f00b8d84967348083e8359058d695e820f7b6279c4ca8037,2025-12-19T14:50:33+00:00,true,ALIGNED_TO_2025_NATIONAL_STRUCTURE_NOT_NAPPS_ISSUED,false,READY_FOR_ORIGINAL_AUTHORING
napps-web-p3-mathematics-second-11-13,3,mathematics,second,11–13,Revision / Examination / Closing,web-napps-aligned-primary-3,https://schemeofwork.com/primary-3-scheme-of-work-unified/,4429bd836a43f9e8f00b8d84967348083e8359058d695e820f7b6279c4ca8037,2025-12-19T14:50:33+00:00,false,ALIGNED_TO_2025_NATIONAL_STRUCTURE_NOT_NAPPS_ISSUED,false,READY_FOR_ORIGINAL_AUTHORING
napps-web-p3-mathematics-second-2,3,mathematics,second,2,Addition,web-napps-aligned-primary-3,https://schemeofwork.com/primary-3-scheme-of-work-unified/,4429bd836a43f9e8f00b8d84967348083e8359058d695e820f7b6279c4ca8037,2025-12-19T14:50:33+00:00,true,ALIGNED_TO_2025_NATIONAL_STRUCTURE_NOT_NAPPS_ISSUED,false,READY_FOR_ORIGINAL_AUTHORING
napps-web-p3-mathematics-second-3,3,mathematics,second,3,Subtraction,web-napps-aligned-primary-3,https://schemeofwork.com/primary-3-scheme-of-work-unified/,4429bd836a43f9e8f00b8d84967348083e8359058d695e820f7b6279c4ca8037,2025-12-19T14:50:33+00:00,true,ALIGNED_TO_2025_NATIONAL_STRUCTURE_NOT_NAPPS_ISSUED,false,READY_FOR_ORIGINAL_AUTHORING
napps-web-p3-mathematics-second-4,3,mathematics,second,4,Subtraction,web-napps-aligned-primary-3,https://schemeofwork.com/primary-3-scheme-of-work-unified/,4429bd836a43f9e8f00b8d84967348083e8359058d695e820f7b6279c4ca8037,2025-12-19T14:50:33+00:00,true,ALIGNED_TO_2025_NATIONAL_STRUCTURE_NOT_NAPPS_ISSUED,false,READY_FOR_ORIGINAL_AUTHORING
napps-web-p3-mathematics-second-5,3,mathematics,second,5,Midterm Test,web-napps-aligned-primary-3,https://schemeofwork.com/primary-3-scheme-of-work-unified/,4429bd836a43f9e8f00b8d84967348083e8359058d695e820f7b6279c4ca8037,2025-12-19T14:50:33+00:00,false,ALIGNED_TO_2025_NATIONAL_STRUCTURE_NOT_NAPPS_ISSUED,false,READY_FOR_ORIGINAL_AUTHORING
napps-web-p3-mathematics-second-6,3,mathematics,second,6,Multiplication,web-napps-aligned-primary-3,https://schemeofwork.com/primary-3-scheme-of-work-unified/,4429bd836a43f9e8f00b8d84967348083e8359058d695e820f7b6279c4ca8037,2025-12-19T14:50:33+00:00,true,ALIGNED_TO_2025_NATIONAL_STRUCTURE_NOT_NAPPS_ISSUED,false,READY_FOR_ORIGINAL_AUTHORING
napps-web-p3-mathematics-second-7,3,mathematics,second,7,Midterm Break,web-napps-aligned-primary-3,https://schemeofwork.com/primary-3-scheme-of-work-unified/,4429bd836a43f9e8f00b8d84967348083e8359058d695e820f7b6279c4ca8037,2025-12-19T14:50:33+00:00,false,ALIGNED_TO_2025_NATIONAL_STRUCTURE_NOT_NAPPS_ISSUED,false,READY_FOR_ORIGINAL_AUTHORING
napps-web-p3-mathematics-second-8,3,mathematics,second,8,Multiplication,web-napps-aligned-primary-3,https://schemeofwork.com/primary-3-scheme-of-work-unified/,4429bd836a43f9e8f00b8d84967348083e8359058d695e820f7b6279c4ca8037,2025-12-19T14:50:33+00:00,true,ALIGNED_TO_2025_NATIONAL_STRUCTURE_NOT_NAPPS_ISSUED,false,READY_FOR_ORIGINAL_AUTHORING
napps-web-p3-mathematics-second-9,3,mathematics,second,9,Division,web-napps-aligned-primary-3,https://schemeofwork.com/primary-3-scheme-of-work-unified/,4429bd836a43f9e8f00b8d84967348083e8359058d695e820f7b6279c4ca8037,2025-12-19T14:50:33+00:00,true,ALIGNED_TO_2025_NATIONAL_STRUCTURE_NOT_NAPPS_ISSUED,false,READY_FOR_ORIGINAL_AUTHORING
napps-web-p3-mathematics-third-1,3,mathematics,third,1,Open Sentences,web-napps-aligned-primary-3,https://schemeofwork.com/primary-3-scheme-of-work-unified/,4429bd836a43f9e8f00b8d84967348083e8359058d695e820f7b6279c4ca8037,2025-12-19T14:50:33+00:00,true,ALIGNED_TO_2025_NATIONAL_STRUCTURE_NOT_NAPPS_ISSUED,false,READY_FOR_ORIGINAL_AUTHORING
napps-web-p3-mathematics-third-10,3,mathematics,third,10,Symmetry,web-napps-aligned-primary-3,https://schemeofwork.com/primary-3-scheme-of-work-unified/,4429bd836a43f9e8f00b8d84967348083e8359058d695e820f7b6279c4ca8037,2025-12-19T14:50:33+00:00,true,ALIGNED_TO_2025_NATIONAL_STRUCTURE_NOT_NAPPS_ISSUED,false,READY_FOR_ORIGINAL_AUTHORING
napps-web-p3-mathematics-third-11,3,mathematics,third,11,Pictograms,web-napps-aligned-primary-3,https://schemeofwork.com/primary-3-scheme-of-work-unified/,4429bd836a43f9e8f00b8d84967348083e8359058d695e820f7b6279c4ca8037,2025-12-19T14:50:33+00:00,true,ALIGNED_TO_2025_NATIONAL_STRUCTURE_NOT_NAPPS_ISSUED,false,READY_FOR_ORIGINAL_AUTHORING
napps-web-p3-mathematics-third-12-13,3,mathematics,third,12–13,Revision / Examination / Closing,web-napps-aligned-primary-3,https://schemeofwork.com/primary-3-scheme-of-work-unified/,4429bd836a43f9e8f00b8d84967348083e8359058d695e820f7b6279c4ca8037,2025-12-19T14:50:33+00:00,false,ALIGNED_TO_2025_NATIONAL_STRUCTURE_NOT_NAPPS_ISSUED,false,READY_FOR_ORIGINAL_AUTHORING
napps-web-p3-mathematics-third-2,3,mathematics,third,2,Money,web-napps-aligned-primary-3,https://schemeofwork.com/primary-3-scheme-of-work-unified/,4429bd836a43f9e8f00b8d84967348083e8359058d695e820f7b6279c4ca8037,2025-12-19T14:50:33+00:00,true,ALIGNED_TO_2025_NATIONAL_STRUCTURE_NOT_NAPPS_ISSUED,false,READY_FOR_ORIGINAL_AUTHORING
napps-web-p3-mathematics-third-3,3,mathematics,third,3,Length I,web-napps-aligned-primary-3,https://schemeofwork.com/primary-3-scheme-of-work-unified/,4429bd836a43f9e8f00b8d84967348083e8359058d695e820f7b6279c4ca8037,2025-12-19T14:50:33+00:00,true,ALIGNED_TO_2025_NATIONAL_STRUCTURE_NOT_NAPPS_ISSUED,false,READY_FOR_ORIGINAL_AUTHORING
napps-web-p3-mathematics-third-4,3,mathematics,third,4,Length II,web-napps-aligned-primary-3,https://schemeofwork.com/primary-3-scheme-of-work-unified/,4429bd836a43f9e8f00b8d84967348083e8359058d695e820f7b6279c4ca8037,2025-12-19T14:50:33+00:00,true,ALIGNED_TO_2025_NATIONAL_STRUCTURE_NOT_NAPPS_ISSUED,false,READY_FOR_ORIGINAL_AUTHORING
napps-web-p3-mathematics-third-5,3,mathematics,third,5,Midterm Test,web-napps-aligned-primary-3,https://schemeofwork.com/primary-3-scheme-of-work-unified/,4429bd836a43f9e8f00b8d84967348083e8359058d695e820f7b6279c4ca8037,2025-12-19T14:50:33+00:00,false,ALIGNED_TO_2025_NATIONAL_STRUCTURE_NOT_NAPPS_ISSUED,false,READY_FOR_ORIGINAL_AUTHORING
napps-web-p3-mathematics-third-6,3,mathematics,third,6,Time,web-napps-aligned-primary-3,https://schemeofwork.com/primary-3-scheme-of-work-unified/,4429bd836a43f9e8f00b8d84967348083e8359058d695e820f7b6279c4ca8037,2025-12-19T14:50:33+00:00,true,ALIGNED_TO_2025_NATIONAL_STRUCTURE_NOT_NAPPS_ISSUED,false,READY_FOR_ORIGINAL_AUTHORING
napps-web-p3-mathematics-third-7,3,mathematics,third,7,Midterm Break,web-napps-aligned-primary-3,https://schemeofwork.com/primary-3-scheme-of-work-unified/,4429bd836a43f9e8f00b8d84967348083e8359058d695e820f7b6279c4ca8037,2025-12-19T14:50:33+00:00,false,ALIGNED_TO_2025_NATIONAL_STRUCTURE_NOT_NAPPS_ISSUED,false,READY_FOR_ORIGINAL_AUTHORING
napps-web-p3-mathematics-third-8,3,mathematics,third,8,Weight,web-napps-aligned-primary-3,https://schemeofwork.com/primary-3-scheme-of-work-unified/,4429bd836a43f9e8f00b8d84967348083e8359058d695e820f7b6279c4ca8037,2025-12-19T14:50:33+00:00,true,ALIGNED_TO_2025_NATIONAL_STRUCTURE_NOT_NAPPS_ISSUED,false,READY_FOR_ORIGINAL_AUTHORING
napps-web-p3-mathematics-third-9,3,mathematics,third,9,Capacity,web-napps-aligned-primary-3,https://schemeofwork.com/primary-3-scheme-of-work-unified/,4429bd836a43f9e8f00b8d84967348083e8359058d695e820f7b6279c4ca8037,2025-12-19T14:50:33+00:00,true,ALIGNED_TO_2025_NATIONAL_STRUCTURE_NOT_NAPPS_ISSUED,false,READY_FOR_ORIGINAL_AUTHORING
napps-web-p4-english-first-1,4,english,first,1,Conversations/Dialogues Using Modal Auxiliaries (Part 1),web-napps-aligned-primary-4,https://schemeofwork.com/primary-4-scheme-of-work-unified/,6629d0c779fa28c3aaaabd2f6db10369eaffe863d34094f8c3a1eea9fc2cd563,2025-12-19T14:49:58+00:00,true,ALIGNED_TO_2025_NATIONAL_STRUCTURE_NOT_NAPPS_ISSUED,false,READY_FOR_ORIGINAL_AUTHORING
napps-web-p4-english-first-2,4,english,first,2,Conversations/Dialogues Using Modal Auxiliaries (Part 2),web-napps-aligned-primary-4,https://schemeofwork.com/primary-4-scheme-of-work-unified/,6629d0c779fa28c3aaaabd2f6db10369eaffe863d34094f8c3a1eea9fc2cd563,2025-12-19T14:49:58+00:00,true,ALIGNED_TO_2025_NATIONAL_STRUCTURE_NOT_NAPPS_ISSUED,false,READY_FOR_ORIGINAL_AUTHORING
napps-web-p4-english-first-3,4,english,first,3,Conversations/Dialogues Using Modal Auxiliaries (Part 3),web-napps-aligned-primary-4,https://schemeofwork.com/primary-4-scheme-of-work-unified/,6629d0c779fa28c3aaaabd2f6db10369eaffe863d34094f8c3a1eea9fc2cd563,2025-12-19T14:49:58+00:00,true,ALIGNED_TO_2025_NATIONAL_STRUCTURE_NOT_NAPPS_ISSUED,false,READY_FOR_ORIGINAL_AUTHORING
napps-web-p4-english-first-4,4,english,first,4,Conversations/Dialogues Using Modal Auxiliaries (Part 4),web-napps-aligned-primary-4,https://schemeofwork.com/primary-4-scheme-of-work-unified/,6629d0c779fa28c3aaaabd2f6db10369eaffe863d34094f8c3a1eea9fc2cd563,2025-12-19T14:49:58+00:00,true,ALIGNED_TO_2025_NATIONAL_STRUCTURE_NOT_NAPPS_ISSUED,false,READY_FOR_ORIGINAL_AUTHORING
napps-web-p4-english-second-1,4,english,second,1,"Using Past, Present and Future Tenses",web-napps-aligned-primary-4,https://schemeofwork.com/primary-4-scheme-of-work-unified/,6629d0c779fa28c3aaaabd2f6db10369eaffe863d34094f8c3a1eea9fc2cd563,2025-12-19T14:49:58+00:00,true,ALIGNED_TO_2025_NATIONAL_STRUCTURE_NOT_NAPPS_ISSUED,false,READY_FOR_ORIGINAL_AUTHORING
napps-web-p4-english-second-2,4,english,second,2,Nouns and Pronouns,web-napps-aligned-primary-4,https://schemeofwork.com/primary-4-scheme-of-work-unified/,6629d0c779fa28c3aaaabd2f6db10369eaffe863d34094f8c3a1eea9fc2cd563,2025-12-19T14:49:58+00:00,true,ALIGNED_TO_2025_NATIONAL_STRUCTURE_NOT_NAPPS_ISSUED,false,READY_FOR_ORIGINAL_AUTHORING
napps-web-p4-english-second-3,4,english,second,3,Adjectives and Adverbs (Part 1),web-napps-aligned-primary-4,https://schemeofwork.com/primary-4-scheme-of-work-unified/,6629d0c779fa28c3aaaabd2f6db10369eaffe863d34094f8c3a1eea9fc2cd563,2025-12-19T14:49:58+00:00,true,ALIGNED_TO_2025_NATIONAL_STRUCTURE_NOT_NAPPS_ISSUED,false,READY_FOR_ORIGINAL_AUTHORING
napps-web-p4-english-second-4,4,english,second,4,Adjectives and Adverbs (Part 2),web-napps-aligned-primary-4,https://schemeofwork.com/primary-4-scheme-of-work-unified/,6629d0c779fa28c3aaaabd2f6db10369eaffe863d34094f8c3a1eea9fc2cd563,2025-12-19T14:49:58+00:00,true,ALIGNED_TO_2025_NATIONAL_STRUCTURE_NOT_NAPPS_ISSUED,false,READY_FOR_ORIGINAL_AUTHORING
napps-web-p4-english-third-1,4,english,third,1,Introduction to Stress,web-napps-aligned-primary-4,https://schemeofwork.com/primary-4-scheme-of-work-unified/,6629d0c779fa28c3aaaabd2f6db10369eaffe863d34094f8c3a1eea9fc2cd563,2025-12-19T14:49:58+00:00,true,ALIGNED_TO_2025_NATIONAL_STRUCTURE_NOT_NAPPS_ISSUED,false,READY_FOR_ORIGINAL_AUTHORING
napps-web-p4-english-third-2,4,english,third,2,Introduction to Stress (Continued),web-napps-aligned-primary-4,https://schemeofwork.com/primary-4-scheme-of-work-unified/,6629d0c779fa28c3aaaabd2f6db10369eaffe863d34094f8c3a1eea9fc2cd563,2025-12-19T14:49:58+00:00,true,ALIGNED_TO_2025_NATIONAL_STRUCTURE_NOT_NAPPS_ISSUED,false,READY_FOR_ORIGINAL_AUTHORING
napps-web-p4-english-third-3,4,english,third,3,Introduction to Intonation,web-napps-aligned-primary-4,https://schemeofwork.com/primary-4-scheme-of-work-unified/,6629d0c779fa28c3aaaabd2f6db10369eaffe863d34094f8c3a1eea9fc2cd563,2025-12-19T14:49:58+00:00,true,ALIGNED_TO_2025_NATIONAL_STRUCTURE_NOT_NAPPS_ISSUED,false,READY_FOR_ORIGINAL_AUTHORING
napps-web-p4-english-third-4,4,english,third,4,Dialogue Using Tag Questions,web-napps-aligned-primary-4,https://schemeofwork.com/primary-4-scheme-of-work-unified/,6629d0c779fa28c3aaaabd2f6db10369eaffe863d34094f8c3a1eea9fc2cd563,2025-12-19T14:49:58+00:00,true,ALIGNED_TO_2025_NATIONAL_STRUCTURE_NOT_NAPPS_ISSUED,false,READY_FOR_ORIGINAL_AUTHORING
napps-web-p4-mathematics-first-1,4,mathematics,first,1,Whole Numbers (Part 1),web-napps-aligned-primary-4,https://schemeofwork.com/primary-4-scheme-of-work-unified/,6629d0c779fa28c3aaaabd2f6db10369eaffe863d34094f8c3a1eea9fc2cd563,2025-12-19T14:49:58+00:00,true,ALIGNED_TO_2025_NATIONAL_STRUCTURE_NOT_NAPPS_ISSUED,false,READY_FOR_ORIGINAL_AUTHORING
napps-web-p4-mathematics-first-2,4,mathematics,first,2,Whole Numbers (Part 2),web-napps-aligned-primary-4,https://schemeofwork.com/primary-4-scheme-of-work-unified/,6629d0c779fa28c3aaaabd2f6db10369eaffe863d34094f8c3a1eea9fc2cd563,2025-12-19T14:49:58+00:00,true,ALIGNED_TO_2025_NATIONAL_STRUCTURE_NOT_NAPPS_ISSUED,false,READY_FOR_ORIGINAL_AUTHORING
napps-web-p4-mathematics-first-3,4,mathematics,first,3,Whole Numbers (Part 3),web-napps-aligned-primary-4,https://schemeofwork.com/primary-4-scheme-of-work-unified/,6629d0c779fa28c3aaaabd2f6db10369eaffe863d34094f8c3a1eea9fc2cd563,2025-12-19T14:49:58+00:00,true,ALIGNED_TO_2025_NATIONAL_STRUCTURE_NOT_NAPPS_ISSUED,false,READY_FOR_ORIGINAL_AUTHORING
napps-web-p4-mathematics-first-4,4,mathematics,first,4,Fractions (Part 1),web-napps-aligned-primary-4,https://schemeofwork.com/primary-4-scheme-of-work-unified/,6629d0c779fa28c3aaaabd2f6db10369eaffe863d34094f8c3a1eea9fc2cd563,2025-12-19T14:49:58+00:00,true,ALIGNED_TO_2025_NATIONAL_STRUCTURE_NOT_NAPPS_ISSUED,false,READY_FOR_ORIGINAL_AUTHORING
napps-web-p4-mathematics-first-5,4,mathematics,first,5,MID-TERM EXAMINATION,web-napps-aligned-primary-4,https://schemeofwork.com/primary-4-scheme-of-work-unified/,6629d0c779fa28c3aaaabd2f6db10369eaffe863d34094f8c3a1eea9fc2cd563,2025-12-19T14:49:58+00:00,false,ALIGNED_TO_2025_NATIONAL_STRUCTURE_NOT_NAPPS_ISSUED,false,READY_FOR_ORIGINAL_AUTHORING
napps-web-p4-mathematics-first-6,4,mathematics,first,6,MID-TERM BREAK,web-napps-aligned-primary-4,https://schemeofwork.com/primary-4-scheme-of-work-unified/,6629d0c779fa28c3aaaabd2f6db10369eaffe863d34094f8c3a1eea9fc2cd563,2025-12-19T14:49:58+00:00,false,ALIGNED_TO_2025_NATIONAL_STRUCTURE_NOT_NAPPS_ISSUED,false,READY_FOR_ORIGINAL_AUTHORING
napps-web-p4-mathematics-first-7,4,mathematics,first,7,Addition and Subtraction (Part 1),web-napps-aligned-primary-4,https://schemeofwork.com/primary-4-scheme-of-work-unified/,6629d0c779fa28c3aaaabd2f6db10369eaffe863d34094f8c3a1eea9fc2cd563,2025-12-19T14:49:58+00:00,true,ALIGNED_TO_2025_NATIONAL_STRUCTURE_NOT_NAPPS_ISSUED,false,READY_FOR_ORIGINAL_AUTHORING
napps-web-p4-mathematics-second-1,4,mathematics,second,1,Multiplication (Part 2),web-napps-aligned-primary-4,https://schemeofwork.com/primary-4-scheme-of-work-unified/,6629d0c779fa28c3aaaabd2f6db10369eaffe863d34094f8c3a1eea9fc2cd563,2025-12-19T14:49:58+00:00,true,ALIGNED_TO_2025_NATIONAL_STRUCTURE_NOT_NAPPS_ISSUED,false,READY_FOR_ORIGINAL_AUTHORING
napps-web-p4-mathematics-second-2,4,mathematics,second,2,Division (Part 1),web-napps-aligned-primary-4,https://schemeofwork.com/primary-4-scheme-of-work-unified/,6629d0c779fa28c3aaaabd2f6db10369eaffe863d34094f8c3a1eea9fc2cd563,2025-12-19T14:49:58+00:00,true,ALIGNED_TO_2025_NATIONAL_STRUCTURE_NOT_NAPPS_ISSUED,false,READY_FOR_ORIGINAL_AUTHORING
napps-web-p4-mathematics-second-3,4,mathematics,second,3,Division (Part 2),web-napps-aligned-primary-4,https://schemeofwork.com/primary-4-scheme-of-work-unified/,6629d0c779fa28c3aaaabd2f6db10369eaffe863d34094f8c3a1eea9fc2cd563,2025-12-19T14:49:58+00:00,true,ALIGNED_TO_2025_NATIONAL_STRUCTURE_NOT_NAPPS_ISSUED,false,READY_FOR_ORIGINAL_AUTHORING
napps-web-p4-mathematics-second-4,4,mathematics,second,4,Estimation,web-napps-aligned-primary-4,https://schemeofwork.com/primary-4-scheme-of-work-unified/,6629d0c779fa28c3aaaabd2f6db10369eaffe863d34094f8c3a1eea9fc2cd563,2025-12-19T14:49:58+00:00,true,ALIGNED_TO_2025_NATIONAL_STRUCTURE_NOT_NAPPS_ISSUED,false,READY_FOR_ORIGINAL_AUTHORING
napps-web-p4-mathematics-second-5,4,mathematics,second,5,MID-TERM EXAMINATION,web-napps-aligned-primary-4,https://schemeofwork.com/primary-4-scheme-of-work-unified/,6629d0c779fa28c3aaaabd2f6db10369eaffe863d34094f8c3a1eea9fc2cd563,2025-12-19T14:49:58+00:00,false,ALIGNED_TO_2025_NATIONAL_STRUCTURE_NOT_NAPPS_ISSUED,false,READY_FOR_ORIGINAL_AUTHORING
napps-web-p4-mathematics-second-6,4,mathematics,second,6,MID-TERM BREAK,web-napps-aligned-primary-4,https://schemeofwork.com/primary-4-scheme-of-work-unified/,6629d0c779fa28c3aaaabd2f6db10369eaffe863d34094f8c3a1eea9fc2cd563,2025-12-19T14:49:58+00:00,false,ALIGNED_TO_2025_NATIONAL_STRUCTURE_NOT_NAPPS_ISSUED,false,READY_FOR_ORIGINAL_AUTHORING
napps-web-p4-mathematics-second-7,4,mathematics,second,7,Open Sentences,web-napps-aligned-primary-4,https://schemeofwork.com/primary-4-scheme-of-work-unified/,6629d0c779fa28c3aaaabd2f6db10369eaffe863d34094f8c3a1eea9fc2cd563,2025-12-19T14:49:58+00:00,true,ALIGNED_TO_2025_NATIONAL_STRUCTURE_NOT_NAPPS_ISSUED,false,READY_FOR_ORIGINAL_AUTHORING
napps-web-p4-mathematics-third-1,4,mathematics,third,1,Weight,web-napps-aligned-primary-4,https://schemeofwork.com/primary-4-scheme-of-work-unified/,6629d0c779fa28c3aaaabd2f6db10369eaffe863d34094f8c3a1eea9fc2cd563,2025-12-19T14:49:58+00:00,true,ALIGNED_TO_2025_NATIONAL_STRUCTURE_NOT_NAPPS_ISSUED,false,READY_FOR_ORIGINAL_AUTHORING
napps-web-p4-mathematics-third-2,4,mathematics,third,2,Time,web-napps-aligned-primary-4,https://schemeofwork.com/primary-4-scheme-of-work-unified/,6629d0c779fa28c3aaaabd2f6db10369eaffe863d34094f8c3a1eea9fc2cd563,2025-12-19T14:49:58+00:00,true,ALIGNED_TO_2025_NATIONAL_STRUCTURE_NOT_NAPPS_ISSUED,false,READY_FOR_ORIGINAL_AUTHORING
napps-web-p4-mathematics-third-3,4,mathematics,third,3,Area,web-napps-aligned-primary-4,https://schemeofwork.com/primary-4-scheme-of-work-unified/,6629d0c779fa28c3aaaabd2f6db10369eaffe863d34094f8c3a1eea9fc2cd563,2025-12-19T14:49:58+00:00,true,ALIGNED_TO_2025_NATIONAL_STRUCTURE_NOT_NAPPS_ISSUED,false,READY_FOR_ORIGINAL_AUTHORING
napps-web-p4-mathematics-third-4,4,mathematics,third,4,Capacity,web-napps-aligned-primary-4,https://schemeofwork.com/primary-4-scheme-of-work-unified/,6629d0c779fa28c3aaaabd2f6db10369eaffe863d34094f8c3a1eea9fc2cd563,2025-12-19T14:49:58+00:00,true,ALIGNED_TO_2025_NATIONAL_STRUCTURE_NOT_NAPPS_ISSUED,false,READY_FOR_ORIGINAL_AUTHORING
napps-web-p5-english-first-1,5,english,first,1,Phonics I (Reading),web-napps-aligned-primary-5,https://schemeofwork.com/primary-5-scheme-of-work-unified/,f0ad00a729d009c3829fad929a9ab715cb76a05fe92b4ab33ba3f59cbf876eb9,2025-12-19T14:50:08+00:00,true,ALIGNED_TO_2025_NATIONAL_STRUCTURE_NOT_NAPPS_ISSUED,false,READY_FOR_ORIGINAL_AUTHORING
napps-web-p5-english-first-10,5,english,first,10,Guided Narrative Composition (Writing),web-napps-aligned-primary-5,https://schemeofwork.com/primary-5-scheme-of-work-unified/,f0ad00a729d009c3829fad929a9ab715cb76a05fe92b4ab33ba3f59cbf876eb9,2025-12-19T14:50:08+00:00,true,ALIGNED_TO_2025_NATIONAL_STRUCTURE_NOT_NAPPS_ISSUED,false,READY_FOR_ORIGINAL_AUTHORING
napps-web-p5-english-first-11,5,english,first,11,REVISION,web-napps-aligned-primary-5,https://schemeofwork.com/primary-5-scheme-of-work-unified/,f0ad00a729d009c3829fad929a9ab715cb76a05fe92b4ab33ba3f59cbf876eb9,2025-12-19T14:50:08+00:00,false,ALIGNED_TO_2025_NATIONAL_STRUCTURE_NOT_NAPPS_ISSUED,false,READY_FOR_ORIGINAL_AUTHORING
napps-web-p5-english-first-12,5,english,first,12,EXAMINATION,web-napps-aligned-primary-5,https://schemeofwork.com/primary-5-scheme-of-work-unified/,f0ad00a729d009c3829fad929a9ab715cb76a05fe92b4ab33ba3f59cbf876eb9,2025-12-19T14:50:08+00:00,false,ALIGNED_TO_2025_NATIONAL_STRUCTURE_NOT_NAPPS_ISSUED,false,READY_FOR_ORIGINAL_AUTHORING
napps-web-p5-english-first-13,5,english,first,13,CLOSING,web-napps-aligned-primary-5,https://schemeofwork.com/primary-5-scheme-of-work-unified/,f0ad00a729d009c3829fad929a9ab715cb76a05fe92b4ab33ba3f59cbf876eb9,2025-12-19T14:50:08+00:00,false,ALIGNED_TO_2025_NATIONAL_STRUCTURE_NOT_NAPPS_ISSUED,false,READY_FOR_ORIGINAL_AUTHORING
napps-web-p5-english-first-2,5,english,first,2,Structured Dialogues (Listening & Speaking),web-napps-aligned-primary-5,https://schemeofwork.com/primary-5-scheme-of-work-unified/,f0ad00a729d009c3829fad929a9ab715cb76a05fe92b4ab33ba3f59cbf876eb9,2025-12-19T14:50:08+00:00,true,ALIGNED_TO_2025_NATIONAL_STRUCTURE_NOT_NAPPS_ISSUED,false,READY_FOR_ORIGINAL_AUTHORING
napps-web-p5-english-first-3,5,english,first,3,Comprehension I (Reading),web-napps-aligned-primary-5,https://schemeofwork.com/primary-5-scheme-of-work-unified/,f0ad00a729d009c3829fad929a9ab715cb76a05fe92b4ab33ba3f59cbf876eb9,2025-12-19T14:50:08+00:00,true,ALIGNED_TO_2025_NATIONAL_STRUCTURE_NOT_NAPPS_ISSUED,false,READY_FOR_ORIGINAL_AUTHORING
napps-web-p5-english-first-4,5,english,first,4,Guided Formal Letter Writing (Writing),web-napps-aligned-primary-5,https://schemeofwork.com/primary-5-scheme-of-work-unified/,f0ad00a729d009c3829fad929a9ab715cb76a05fe92b4ab33ba3f59cbf876eb9,2025-12-19T14:50:08+00:00,true,ALIGNED_TO_2025_NATIONAL_STRUCTURE_NOT_NAPPS_ISSUED,false,READY_FOR_ORIGINAL_AUTHORING
napps-web-p5-english-first-5,5,english,first,5,MIDTERM EXAMINATION,web-napps-aligned-primary-5,https://schemeofwork.com/primary-5-scheme-of-work-unified/,f0ad00a729d009c3829fad929a9ab715cb76a05fe92b4ab33ba3f59cbf876eb9,2025-12-19T14:50:08+00:00,false,ALIGNED_TO_2025_NATIONAL_STRUCTURE_NOT_NAPPS_ISSUED,false,READY_FOR_ORIGINAL_AUTHORING
napps-web-p5-english-first-6,5,english,first,6,MIDTERM BREAK,web-napps-aligned-primary-5,https://schemeofwork.com/primary-5-scheme-of-work-unified/,f0ad00a729d009c3829fad929a9ab715cb76a05fe92b4ab33ba3f59cbf876eb9,2025-12-19T14:50:08+00:00,false,ALIGNED_TO_2025_NATIONAL_STRUCTURE_NOT_NAPPS_ISSUED,false,READY_FOR_ORIGINAL_AUTHORING
napps-web-p5-english-first-7,5,english,first,7,Phonics II (Reading),web-napps-aligned-primary-5,https://schemeofwork.com/primary-5-scheme-of-work-unified/,f0ad00a729d009c3829fad929a9ab715cb76a05fe92b4ab33ba3f59cbf876eb9,2025-12-19T14:50:08+00:00,true,ALIGNED_TO_2025_NATIONAL_STRUCTURE_NOT_NAPPS_ISSUED,false,READY_FOR_ORIGINAL_AUTHORING
napps-web-p5-english-first-8,5,english,first,8,Using the Telephone (Listening & Speaking),web-napps-aligned-primary-5,https://schemeofwork.com/primary-5-scheme-of-work-unified/,f0ad00a729d009c3829fad929a9ab715cb76a05fe92b4ab33ba3f59cbf876eb9,2025-12-19T14:50:08+00:00,true,ALIGNED_TO_2025_NATIONAL_STRUCTURE_NOT_NAPPS_ISSUED,false,READY_FOR_ORIGINAL_AUTHORING
napps-web-p5-english-first-9,5,english,first,9,Comprehension II (Reading),web-napps-aligned-primary-5,https://schemeofwork.com/primary-5-scheme-of-work-unified/,f0ad00a729d009c3829fad929a9ab715cb76a05fe92b4ab33ba3f59cbf876eb9,2025-12-19T14:50:08+00:00,true,ALIGNED_TO_2025_NATIONAL_STRUCTURE_NOT_NAPPS_ISSUED,false,READY_FOR_ORIGINAL_AUTHORING
napps-web-p5-english-second-1,5,english,second,1,Vocabulary Development (Reading),web-napps-aligned-primary-5,https://schemeofwork.com/primary-5-scheme-of-work-unified/,f0ad00a729d009c3829fad929a9ab715cb76a05fe92b4ab33ba3f59cbf876eb9,2025-12-19T14:50:08+00:00,true,ALIGNED_TO_2025_NATIONAL_STRUCTURE_NOT_NAPPS_ISSUED,false,READY_FOR_ORIGINAL_AUTHORING
napps-web-p5-english-second-10,5,english,second,10,Responding to Formal Invitations (Writing),web-napps-aligned-primary-5,https://schemeofwork.com/primary-5-scheme-of-work-unified/,f0ad00a729d009c3829fad929a9ab715cb76a05fe92b4ab33ba3f59cbf876eb9,2025-12-19T14:50:08+00:00,true,ALIGNED_TO_2025_NATIONAL_STRUCTURE_NOT_NAPPS_ISSUED,false,READY_FOR_ORIGINAL_AUTHORING
napps-web-p5-english-second-11,5,english,second,11,REVISION,web-napps-aligned-primary-5,https://schemeofwork.com/primary-5-scheme-of-work-unified/,f0ad00a729d009c3829fad929a9ab715cb76a05fe92b4ab33ba3f59cbf876eb9,2025-12-19T14:50:08+00:00,false,ALIGNED_TO_2025_NATIONAL_STRUCTURE_NOT_NAPPS_ISSUED,false,READY_FOR_ORIGINAL_AUTHORING
napps-web-p5-english-second-12,5,english,second,12,EXAMINATION,web-napps-aligned-primary-5,https://schemeofwork.com/primary-5-scheme-of-work-unified/,f0ad00a729d009c3829fad929a9ab715cb76a05fe92b4ab33ba3f59cbf876eb9,2025-12-19T14:50:08+00:00,false,ALIGNED_TO_2025_NATIONAL_STRUCTURE_NOT_NAPPS_ISSUED,false,READY_FOR_ORIGINAL_AUTHORING
napps-web-p5-english-second-13,5,english,second,13,CLOSING,web-napps-aligned-primary-5,https://schemeofwork.com/primary-5-scheme-of-work-unified/,f0ad00a729d009c3829fad929a9ab715cb76a05fe92b4ab33ba3f59cbf876eb9,2025-12-19T14:50:08+00:00,false,ALIGNED_TO_2025_NATIONAL_STRUCTURE_NOT_NAPPS_ISSUED,false,READY_FOR_ORIGINAL_AUTHORING
napps-web-p5-english-second-2,5,english,second,2,Oral Composition (Listening & Speaking),web-napps-aligned-primary-5,https://schemeofwork.com/primary-5-scheme-of-work-unified/,f0ad00a729d009c3829fad929a9ab715cb76a05fe92b4ab33ba3f59cbf876eb9,2025-12-19T14:50:08+00:00,true,ALIGNED_TO_2025_NATIONAL_STRUCTURE_NOT_NAPPS_ISSUED,false,READY_FOR_ORIGINAL_AUTHORING
napps-web-p5-english-second-3,5,english,second,3,Comprehension III (Reading),web-napps-aligned-primary-5,https://schemeofwork.com/primary-5-scheme-of-work-unified/,f0ad00a729d009c3829fad929a9ab715cb76a05fe92b4ab33ba3f59cbf876eb9,2025-12-19T14:50:08+00:00,true,ALIGNED_TO_2025_NATIONAL_STRUCTURE_NOT_NAPPS_ISSUED,false,READY_FOR_ORIGINAL_AUTHORING
napps-web-p5-english-second-4,5,english,second,4,Descriptive Composition (Writing),web-napps-aligned-primary-5,https://schemeofwork.com/primary-5-scheme-of-work-unified/,f0ad00a729d009c3829fad929a9ab715cb76a05fe92b4ab33ba3f59cbf876eb9,2025-12-19T14:50:08+00:00,true,ALIGNED_TO_2025_NATIONAL_STRUCTURE_NOT_NAPPS_ISSUED,false,READY_FOR_ORIGINAL_AUTHORING
napps-web-p5-english-second-5,5,english,second,5,MIDTERM EXAMINATION,web-napps-aligned-primary-5,https://schemeofwork.com/primary-5-scheme-of-work-unified/,f0ad00a729d009c3829fad929a9ab715cb76a05fe92b4ab33ba3f59cbf876eb9,2025-12-19T14:50:08+00:00,false,ALIGNED_TO_2025_NATIONAL_STRUCTURE_NOT_NAPPS_ISSUED,false,READY_FOR_ORIGINAL_AUTHORING
napps-web-p5-english-second-6,5,english,second,6,MIDTERM BREAK,web-napps-aligned-primary-5,https://schemeofwork.com/primary-5-scheme-of-work-unified/,f0ad00a729d009c3829fad929a9ab715cb76a05fe92b4ab33ba3f59cbf876eb9,2025-12-19T14:50:08+00:00,false,ALIGNED_TO_2025_NATIONAL_STRUCTURE_NOT_NAPPS_ISSUED,false,READY_FOR_ORIGINAL_AUTHORING
napps-web-p5-english-second-7,5,english,second,7,Debates on Simple Topics (Listening & Speaking),web-napps-aligned-primary-5,https://schemeofwork.com/primary-5-scheme-of-work-unified/,f0ad00a729d009c3829fad929a9ab715cb76a05fe92b4ab33ba3f59cbf876eb9,2025-12-19T14:50:08+00:00,true,ALIGNED_TO_2025_NATIONAL_STRUCTURE_NOT_NAPPS_ISSUED,false,READY_FOR_ORIGINAL_AUTHORING
napps-web-p5-english-second-8,5,english,second,8,Comprehension IV (Reading),web-napps-aligned-primary-5,https://schemeofwork.com/primary-5-scheme-of-work-unified/,f0ad00a729d009c3829fad929a9ab715cb76a05fe92b4ab33ba3f59cbf876eb9,2025-12-19T14:50:08+00:00,true,ALIGNED_TO_2025_NATIONAL_STRUCTURE_NOT_NAPPS_ISSUED,false,READY_FOR_ORIGINAL_AUTHORING
napps-web-p5-english-second-9,5,english,second,9,Writing and Responding to Formal Invitations (Writing),web-napps-aligned-primary-5,https://schemeofwork.com/primary-5-scheme-of-work-unified/,f0ad00a729d009c3829fad929a9ab715cb76a05fe92b4ab33ba3f59cbf876eb9,2025-12-19T14:50:08+00:00,true,ALIGNED_TO_2025_NATIONAL_STRUCTURE_NOT_NAPPS_ISSUED,false,READY_FOR_ORIGINAL_AUTHORING
napps-web-p5-english-third-1,5,english,third,1,Writing Letters of Congratulations (Writing),web-napps-aligned-primary-5,https://schemeofwork.com/primary-5-scheme-of-work-unified/,f0ad00a729d009c3829fad929a9ab715cb76a05fe92b4ab33ba3f59cbf876eb9,2025-12-19T14:50:08+00:00,true,ALIGNED_TO_2025_NATIONAL_STRUCTURE_NOT_NAPPS_ISSUED,false,READY_FOR_ORIGINAL_AUTHORING
napps-web-p5-english-third-10,5,english,third,10,Creative Writing and Language Review (Writing/Reading),web-napps-aligned-primary-5,https://schemeofwork.com/primary-5-scheme-of-work-unified/,f0ad00a729d009c3829fad929a9ab715cb76a05fe92b4ab33ba3f59cbf876eb9,2025-12-19T14:50:08+00:00,true,ALIGNED_TO_2025_NATIONAL_STRUCTURE_NOT_NAPPS_ISSUED,false,READY_FOR_ORIGINAL_AUTHORING
napps-web-p5-english-third-11,5,english,third,11,REVISION,web-napps-aligned-primary-5,https://schemeofwork.com/primary-5-scheme-of-work-unified/,f0ad00a729d009c3829fad929a9ab715cb76a05fe92b4ab33ba3f59cbf876eb9,2025-12-19T14:50:08+00:00,false,ALIGNED_TO_2025_NATIONAL_STRUCTURE_NOT_NAPPS_ISSUED,false,READY_FOR_ORIGINAL_AUTHORING
napps-web-p5-english-third-12,5,english,third,12,EXAMINATION,web-napps-aligned-primary-5,https://schemeofwork.com/primary-5-scheme-of-work-unified/,f0ad00a729d009c3829fad929a9ab715cb76a05fe92b4ab33ba3f59cbf876eb9,2025-12-19T14:50:08+00:00,false,ALIGNED_TO_2025_NATIONAL_STRUCTURE_NOT_NAPPS_ISSUED,false,READY_FOR_ORIGINAL_AUTHORING
napps-web-p5-english-third-13,5,english,third,13,CLOSING,web-napps-aligned-primary-5,https://schemeofwork.com/primary-5-scheme-of-work-unified/,f0ad00a729d009c3829fad929a9ab715cb76a05fe92b4ab33ba3f59cbf876eb9,2025-12-19T14:50:08+00:00,false,ALIGNED_TO_2025_NATIONAL_STRUCTURE_NOT_NAPPS_ISSUED,false,READY_FOR_ORIGINAL_AUTHORING
napps-web-p5-english-third-2,5,english,third,2,Writing Letters of Sympathy (Writing),web-napps-aligned-primary-5,https://schemeofwork.com/primary-5-scheme-of-work-unified/,f0ad00a729d009c3829fad929a9ab715cb76a05fe92b4ab33ba3f59cbf876eb9,2025-12-19T14:50:08+00:00,true,ALIGNED_TO_2025_NATIONAL_STRUCTURE_NOT_NAPPS_ISSUED,false,READY_FOR_ORIGINAL_AUTHORING
napps-web-p5-english-third-3,5,english,third,3,Responding to Letters of Congratulations (Writing),web-napps-aligned-primary-5,https://schemeofwork.com/primary-5-scheme-of-work-unified/,f0ad00a729d009c3829fad929a9ab715cb76a05fe92b4ab33ba3f59cbf876eb9,2025-12-19T14:50:08+00:00,true,ALIGNED_TO_2025_NATIONAL_STRUCTURE_NOT_NAPPS_ISSUED,false,READY_FOR_ORIGINAL_AUTHORING
napps-web-p5-english-third-4,5,english,third,4,Responding to Letters of Sympathy (Writing),web-napps-aligned-primary-5,https://schemeofwork.com/primary-5-scheme-of-work-unified/,f0ad00a729d009c3829fad929a9ab715cb76a05fe92b4ab33ba3f59cbf876eb9,2025-12-19T14:50:08+00:00,true,ALIGNED_TO_2025_NATIONAL_STRUCTURE_NOT_NAPPS_ISSUED,false,READY_FOR_ORIGINAL_AUTHORING
napps-web-p5-english-third-5,5,english,third,5,MIDTERM EXAMINATION,web-napps-aligned-primary-5,https://schemeofwork.com/primary-5-scheme-of-work-unified/,f0ad00a729d009c3829fad929a9ab715cb76a05fe92b4ab33ba3f59cbf876eb9,2025-12-19T14:50:08+00:00,false,ALIGNED_TO_2025_NATIONAL_STRUCTURE_NOT_NAPPS_ISSUED,false,READY_FOR_ORIGINAL_AUTHORING
napps-web-p5-english-third-6,5,english,third,6,MIDTERM BREAK,web-napps-aligned-primary-5,https://schemeofwork.com/primary-5-scheme-of-work-unified/,f0ad00a729d009c3829fad929a9ab715cb76a05fe92b4ab33ba3f59cbf876eb9,2025-12-19T14:50:08+00:00,false,ALIGNED_TO_2025_NATIONAL_STRUCTURE_NOT_NAPPS_ISSUED,false,READY_FOR_ORIGINAL_AUTHORING
napps-web-p5-english-third-7,5,english,third,7,Writing and Responding to Informal Invitations (Writing),web-napps-aligned-primary-5,https://schemeofwork.com/primary-5-scheme-of-work-unified/,f0ad00a729d009c3829fad929a9ab715cb76a05fe92b4ab33ba3f59cbf876eb9,2025-12-19T14:50:08+00:00,true,ALIGNED_TO_2025_NATIONAL_STRUCTURE_NOT_NAPPS_ISSUED,false,READY_FOR_ORIGINAL_AUTHORING
napps-web-p5-english-third-8,5,english,third,8,Advanced Reading Comprehension (Reading),web-napps-aligned-primary-5,https://schemeofwork.com/primary-5-scheme-of-work-unified/,f0ad00a729d009c3829fad929a9ab715cb76a05fe92b4ab33ba3f59cbf876eb9,2025-12-19T14:50:08+00:00,true,ALIGNED_TO_2025_NATIONAL_STRUCTURE_NOT_NAPPS_ISSUED,false,READY_FOR_ORIGINAL_AUTHORING
napps-web-p5-english-third-9,5,english,third,9,Advanced Speaking Skills (Listening & Speaking),web-napps-aligned-primary-5,https://schemeofwork.com/primary-5-scheme-of-work-unified/,f0ad00a729d009c3829fad929a9ab715cb76a05fe92b4ab33ba3f59cbf876eb9,2025-12-19T14:50:08+00:00,true,ALIGNED_TO_2025_NATIONAL_STRUCTURE_NOT_NAPPS_ISSUED,false,READY_FOR_ORIGINAL_AUTHORING
napps-web-p5-mathematics-first-1,5,mathematics,first,1,Whole Numbers I (Numbers & Numeration),web-napps-aligned-primary-5,https://schemeofwork.com/primary-5-scheme-of-work-unified/,f0ad00a729d009c3829fad929a9ab715cb76a05fe92b4ab33ba3f59cbf876eb9,2025-12-19T14:50:08+00:00,true,ALIGNED_TO_2025_NATIONAL_STRUCTURE_NOT_NAPPS_ISSUED,false,READY_FOR_ORIGINAL_AUTHORING
napps-web-p5-mathematics-first-10,5,mathematics,first,10,Plane Shapes I (Mensuration & Geometry),web-napps-aligned-primary-5,https://schemeofwork.com/primary-5-scheme-of-work-unified/,f0ad00a729d009c3829fad929a9ab715cb76a05fe92b4ab33ba3f59cbf876eb9,2025-12-19T14:50:08+00:00,true,ALIGNED_TO_2025_NATIONAL_STRUCTURE_NOT_NAPPS_ISSUED,false,READY_FOR_ORIGINAL_AUTHORING
napps-web-p5-mathematics-first-11,5,mathematics,first,11,REVISION,web-napps-aligned-primary-5,https://schemeofwork.com/primary-5-scheme-of-work-unified/,f0ad00a729d009c3829fad929a9ab715cb76a05fe92b4ab33ba3f59cbf876eb9,2025-12-19T14:50:08+00:00,false,ALIGNED_TO_2025_NATIONAL_STRUCTURE_NOT_NAPPS_ISSUED,false,READY_FOR_ORIGINAL_AUTHORING
napps-web-p5-mathematics-first-12,5,mathematics,first,12,EXAMINATION,web-napps-aligned-primary-5,https://schemeofwork.com/primary-5-scheme-of-work-unified/,f0ad00a729d009c3829fad929a9ab715cb76a05fe92b4ab33ba3f59cbf876eb9,2025-12-19T14:50:08+00:00,false,ALIGNED_TO_2025_NATIONAL_STRUCTURE_NOT_NAPPS_ISSUED,false,READY_FOR_ORIGINAL_AUTHORING
napps-web-p5-mathematics-first-13,5,mathematics,first,13,CLOSING,web-napps-aligned-primary-5,https://schemeofwork.com/primary-5-scheme-of-work-unified/,f0ad00a729d009c3829fad929a9ab715cb76a05fe92b4ab33ba3f59cbf876eb9,2025-12-19T14:50:08+00:00,false,ALIGNED_TO_2025_NATIONAL_STRUCTURE_NOT_NAPPS_ISSUED,false,READY_FOR_ORIGINAL_AUTHORING
napps-web-p5-mathematics-first-2,5,mathematics,first,2,Addition and Subtraction I (Basic Operations),web-napps-aligned-primary-5,https://schemeofwork.com/primary-5-scheme-of-work-unified/,f0ad00a729d009c3829fad929a9ab715cb76a05fe92b4ab33ba3f59cbf876eb9,2025-12-19T14:50:08+00:00,true,ALIGNED_TO_2025_NATIONAL_STRUCTURE_NOT_NAPPS_ISSUED,false,READY_FOR_ORIGINAL_AUTHORING
napps-web-p5-mathematics-first-3,5,mathematics,first,3,Use of Number Line (Basic Operations),web-napps-aligned-primary-5,https://schemeofwork.com/primary-5-scheme-of-work-unified/,f0ad00a729d009c3829fad929a9ab715cb76a05fe92b4ab33ba3f59cbf876eb9,2025-12-19T14:50:08+00:00,true,ALIGNED_TO_2025_NATIONAL_STRUCTURE_NOT_NAPPS_ISSUED,false,READY_FOR_ORIGINAL_AUTHORING
napps-web-p5-mathematics-first-4,5,mathematics,first,4,Money I (Mensuration & Geometry),web-napps-aligned-primary-5,https://schemeofwork.com/primary-5-scheme-of-work-unified/,f0ad00a729d009c3829fad929a9ab715cb76a05fe92b4ab33ba3f59cbf876eb9,2025-12-19T14:50:08+00:00,true,ALIGNED_TO_2025_NATIONAL_STRUCTURE_NOT_NAPPS_ISSUED,false,READY_FOR_ORIGINAL_AUTHORING
napps-web-p5-mathematics-first-5,5,mathematics,first,5,MIDTERM EXAMINATION,web-napps-aligned-primary-5,https://schemeofwork.com/primary-5-scheme-of-work-unified/,f0ad00a729d009c3829fad929a9ab715cb76a05fe92b4ab33ba3f59cbf876eb9,2025-12-19T14:50:08+00:00,false,ALIGNED_TO_2025_NATIONAL_STRUCTURE_NOT_NAPPS_ISSUED,false,READY_FOR_ORIGINAL_AUTHORING
napps-web-p5-mathematics-first-6,5,mathematics,first,6,MIDTERM BREAK,web-napps-aligned-primary-5,https://schemeofwork.com/primary-5-scheme-of-work-unified/,f0ad00a729d009c3829fad929a9ab715cb76a05fe92b4ab33ba3f59cbf876eb9,2025-12-19T14:50:08+00:00,false,ALIGNED_TO_2025_NATIONAL_STRUCTURE_NOT_NAPPS_ISSUED,false,READY_FOR_ORIGINAL_AUTHORING
napps-web-p5-mathematics-first-7,5,mathematics,first,7,Length (Mensuration & Geometry),web-napps-aligned-primary-5,https://schemeofwork.com/primary-5-scheme-of-work-unified/,f0ad00a729d009c3829fad929a9ab715cb76a05fe92b4ab33ba3f59cbf876eb9,2025-12-19T14:50:08+00:00,true,ALIGNED_TO_2025_NATIONAL_STRUCTURE_NOT_NAPPS_ISSUED,false,READY_FOR_ORIGINAL_AUTHORING
napps-web-p5-mathematics-first-8,5,mathematics,first,8,Weight (Mensuration & Geometry),web-napps-aligned-primary-5,https://schemeofwork.com/primary-5-scheme-of-work-unified/,f0ad00a729d009c3829fad929a9ab715cb76a05fe92b4ab33ba3f59cbf876eb9,2025-12-19T14:50:08+00:00,true,ALIGNED_TO_2025_NATIONAL_STRUCTURE_NOT_NAPPS_ISSUED,false,READY_FOR_ORIGINAL_AUTHORING
napps-web-p5-mathematics-first-9,5,mathematics,first,9,Time I (Mensuration & Geometry),web-napps-aligned-primary-5,https://schemeofwork.com/primary-5-scheme-of-work-unified/,f0ad00a729d009c3829fad929a9ab715cb76a05fe92b4ab33ba3f59cbf876eb9,2025-12-19T14:50:08+00:00,true,ALIGNED_TO_2025_NATIONAL_STRUCTURE_NOT_NAPPS_ISSUED,false,READY_FOR_ORIGINAL_AUTHORING
napps-web-p5-mathematics-second-1,5,mathematics,second,1,Fractions I (Numbers & Numeration),web-napps-aligned-primary-5,https://schemeofwork.com/primary-5-scheme-of-work-unified/,f0ad00a729d009c3829fad929a9ab715cb76a05fe92b4ab33ba3f59cbf876eb9,2025-12-19T14:50:08+00:00,true,ALIGNED_TO_2025_NATIONAL_STRUCTURE_NOT_NAPPS_ISSUED,false,READY_FOR_ORIGINAL_AUTHORING
napps-web-p5-mathematics-second-10,5,mathematics,second,10,Capacity (Mensuration & Geometry),web-napps-aligned-primary-5,https://schemeofwork.com/primary-5-scheme-of-work-unified/,f0ad00a729d009c3829fad929a9ab715cb76a05fe92b4ab33ba3f59cbf876eb9,2025-12-19T14:50:08+00:00,true,ALIGNED_TO_2025_NATIONAL_STRUCTURE_NOT_NAPPS_ISSUED,false,READY_FOR_ORIGINAL_AUTHORING
napps-web-p5-mathematics-second-2,5,mathematics,second,2,Fractions II (Numbers & Numeration),web-napps-aligned-primary-5,https://schemeofwork.com/primary-5-scheme-of-work-unified/,f0ad00a729d009c3829fad929a9ab715cb76a05fe92b4ab33ba3f59cbf876eb9,2025-12-19T14:50:08+00:00,true,ALIGNED_TO_2025_NATIONAL_STRUCTURE_NOT_NAPPS_ISSUED,false,READY_FOR_ORIGINAL_AUTHORING
napps-web-p5-mathematics-second-3,5,mathematics,second,3,Multiplication I (Numbers & Numeration),web-napps-aligned-primary-5,https://schemeofwork.com/primary-5-scheme-of-work-unified/,f0ad00a729d009c3829fad929a9ab715cb76a05fe92b4ab33ba3f59cbf876eb9,2025-12-19T14:50:08+00:00,true,ALIGNED_TO_2025_NATIONAL_STRUCTURE_NOT_NAPPS_ISSUED,false,READY_FOR_ORIGINAL_AUTHORING
napps-web-p5-mathematics-second-4,5,mathematics,second,4,Division I (Numbers & Numeration),web-napps-aligned-primary-5,https://schemeofwork.com/primary-5-scheme-of-work-unified/,f0ad00a729d009c3829fad929a9ab715cb76a05fe92b4ab33ba3f59cbf876eb9,2025-12-19T14:50:08+00:00,true,ALIGNED_TO_2025_NATIONAL_STRUCTURE_NOT_NAPPS_ISSUED,false,READY_FOR_ORIGINAL_AUTHORING
napps-web-p5-mathematics-second-5,5,mathematics,second,5,MIDTERM EXAMINATION,web-napps-aligned-primary-5,https://schemeofwork.com/primary-5-scheme-of-work-unified/,f0ad00a729d009c3829fad929a9ab715cb76a05fe92b4ab33ba3f59cbf876eb9,2025-12-19T14:50:08+00:00,false,ALIGNED_TO_2025_NATIONAL_STRUCTURE_NOT_NAPPS_ISSUED,false,READY_FOR_ORIGINAL_AUTHORING
napps-web-p5-mathematics-second-6,5,mathematics,second,6,MIDTERM BREAK,web-napps-aligned-primary-5,https://schemeofwork.com/primary-5-scheme-of-work-unified/,f0ad00a729d009c3829fad929a9ab715cb76a05fe92b4ab33ba3f59cbf876eb9,2025-12-19T14:50:08+00:00,false,ALIGNED_TO_2025_NATIONAL_STRUCTURE_NOT_NAPPS_ISSUED,false,READY_FOR_ORIGINAL_AUTHORING
napps-web-p5-mathematics-second-7,5,mathematics,second,7,Temperature (Mensuration & Geometry),web-napps-aligned-primary-5,https://schemeofwork.com/primary-5-scheme-of-work-unified/,f0ad00a729d009c3829fad929a9ab715cb76a05fe92b4ab33ba3f59cbf876eb9,2025-12-19T14:50:08+00:00,true,ALIGNED_TO_2025_NATIONAL_STRUCTURE_NOT_NAPPS_ISSUED,false,READY_FOR_ORIGINAL_AUTHORING
napps-web-p5-mathematics-second-8,5,mathematics,second,8,Area I (Mensuration & Geometry),web-napps-aligned-primary-5,https://schemeofwork.com/primary-5-scheme-of-work-unified/,f0ad00a729d009c3829fad929a9ab715cb76a05fe92b4ab33ba3f59cbf876eb9,2025-12-19T14:50:08+00:00,true,ALIGNED_TO_2025_NATIONAL_STRUCTURE_NOT_NAPPS_ISSUED,false,READY_FOR_ORIGINAL_AUTHORING
napps-web-p5-mathematics-second-9,5,mathematics,second,9,Volume I (Mensuration & Geometry),web-napps-aligned-primary-5,https://schemeofwork.com/primary-5-scheme-of-work-unified/,f0ad00a729d009c3829fad929a9ab715cb76a05fe92b4ab33ba3f59cbf876eb9,2025-12-19T14:50:08+00:00,true,ALIGNED_TO_2025_NATIONAL_STRUCTURE_NOT_NAPPS_ISSUED,false,READY_FOR_ORIGINAL_AUTHORING
napps-web-p5-mathematics-third-1,5,mathematics,third,1,Multiplication II (Numbers & Numeration),web-napps-aligned-primary-5,https://schemeofwork.com/primary-5-scheme-of-work-unified/,f0ad00a729d009c3829fad929a9ab715cb76a05fe92b4ab33ba3f59cbf876eb9,2025-12-19T14:50:08+00:00,true,ALIGNED_TO_2025_NATIONAL_STRUCTURE_NOT_NAPPS_ISSUED,false,READY_FOR_ORIGINAL_AUTHORING
napps-web-p5-mathematics-third-10,5,mathematics,third,10,Integrated Problem Solving (All Themes),web-napps-aligned-primary-5,https://schemeofwork.com/primary-5-scheme-of-work-unified/,f0ad00a729d009c3829fad929a9ab715cb76a05fe92b4ab33ba3f59cbf876eb9,2025-12-19T14:50:08+00:00,true,ALIGNED_TO_2025_NATIONAL_STRUCTURE_NOT_NAPPS_ISSUED,false,READY_FOR_ORIGINAL_AUTHORING
napps-web-p5-mathematics-third-11,5,mathematics,third,11,REVISION,web-napps-aligned-primary-5,https://schemeofwork.com/primary-5-scheme-of-work-unified/,f0ad00a729d009c3829fad929a9ab715cb76a05fe92b4ab33ba3f59cbf876eb9,2025-12-19T14:50:08+00:00,false,ALIGNED_TO_2025_NATIONAL_STRUCTURE_NOT_NAPPS_ISSUED,false,READY_FOR_ORIGINAL_AUTHORING
napps-web-p5-mathematics-third-2,5,mathematics,third,2,Division II (Numbers & Numeration),web-napps-aligned-primary-5,https://schemeofwork.com/primary-5-scheme-of-work-unified/,f0ad00a729d009c3829fad929a9ab715cb76a05fe92b4ab33ba3f59cbf876eb9,2025-12-19T14:50:08+00:00,true,ALIGNED_TO_2025_NATIONAL_STRUCTURE_NOT_NAPPS_ISSUED,false,READY_FOR_ORIGINAL_AUTHORING
napps-web-p5-mathematics-third-3,5,mathematics,third,3,Fractions III (Numbers & Numeration),web-napps-aligned-primary-5,https://schemeofwork.com/primary-5-scheme-of-work-unified/,f0ad00a729d009c3829fad929a9ab715cb76a05fe92b4ab33ba3f59cbf876eb9,2025-12-19T14:50:08+00:00,true,ALIGNED_TO_2025_NATIONAL_STRUCTURE_NOT_NAPPS_ISSUED,false,READY_FOR_ORIGINAL_AUTHORING
napps-web-p5-mathematics-third-4,5,mathematics,third,4,Open Sentences (Algebraic Processes),web-napps-aligned-primary-5,https://schemeofwork.com/primary-5-scheme-of-work-unified/,f0ad00a729d009c3829fad929a9ab715cb76a05fe92b4ab33ba3f59cbf876eb9,2025-12-19T14:50:08+00:00,true,ALIGNED_TO_2025_NATIONAL_STRUCTURE_NOT_NAPPS_ISSUED,false,READY_FOR_ORIGINAL_AUTHORING
napps-web-p5-mathematics-third-5,5,mathematics,third,5,MIDTERM EXAMINATION,web-napps-aligned-primary-5,https://schemeofwork.com/primary-5-scheme-of-work-unified/,f0ad00a729d009c3829fad929a9ab715cb76a05fe92b4ab33ba3f59cbf876eb9,2025-12-19T14:50:08+00:00,false,ALIGNED_TO_2025_NATIONAL_STRUCTURE_NOT_NAPPS_ISSUED,false,READY_FOR_ORIGINAL_AUTHORING
napps-web-p5-mathematics-third-6,5,mathematics,third,6,MIDTERM BREAK,web-napps-aligned-primary-5,https://schemeofwork.com/primary-5-scheme-of-work-unified/,f0ad00a729d009c3829fad929a9ab715cb76a05fe92b4ab33ba3f59cbf876eb9,2025-12-19T14:50:08+00:00,false,ALIGNED_TO_2025_NATIONAL_STRUCTURE_NOT_NAPPS_ISSUED,false,READY_FOR_ORIGINAL_AUTHORING
napps-web-p5-mathematics-third-7,5,mathematics,third,7,Circle (Mensuration & Geometry),web-napps-aligned-primary-5,https://schemeofwork.com/primary-5-scheme-of-work-unified/,f0ad00a729d009c3829fad929a9ab715cb76a05fe92b4ab33ba3f59cbf876eb9,2025-12-19T14:50:08+00:00,true,ALIGNED_TO_2025_NATIONAL_STRUCTURE_NOT_NAPPS_ISSUED,false,READY_FOR_ORIGINAL_AUTHORING
napps-web-p5-mathematics-third-8,5,mathematics,third,8,3-Dimensional Shapes (Mensuration & Geometry),web-napps-aligned-primary-5,https://schemeofwork.com/primary-5-scheme-of-work-unified/,f0ad00a729d009c3829fad929a9ab715cb76a05fe92b4ab33ba3f59cbf876eb9,2025-12-19T14:50:08+00:00,true,ALIGNED_TO_2025_NATIONAL_STRUCTURE_NOT_NAPPS_ISSUED,false,READY_FOR_ORIGINAL_AUTHORING
napps-web-p5-mathematics-third-9,5,mathematics,third,9,Structure of Earth (Mensuration & Geometry),web-napps-aligned-primary-5,https://schemeofwork.com/primary-5-scheme-of-work-unified/,f0ad00a729d009c3829fad929a9ab715cb76a05fe92b4ab33ba3f59cbf876eb9,2025-12-19T14:50:08+00:00,true,ALIGNED_TO_2025_NATIONAL_STRUCTURE_NOT_NAPPS_ISSUED,false,READY_FOR_ORIGINAL_AUTHORING
napps-web-p6-english-first-1,6,english,first,1,Reading: Phonics I & Concepts of Print I,web-napps-aligned-primary-6,https://schemeofwork.com/primary-6-scheme-of-work-unified/,3f9bf838278c81da4497e0586710962ab6b8c597acbfedf7956f155dee63e148,2025-12-19T14:48:20+00:00,true,ALIGNED_TO_2025_NATIONAL_STRUCTURE_NOT_NAPPS_ISSUED,false,READY_FOR_ORIGINAL_AUTHORING
napps-web-p6-english-first-2,6,english,first,2,"Writing: Writing Paragraphs – Introductory, Middle and Concluding",web-napps-aligned-primary-6,https://schemeofwork.com/primary-6-scheme-of-work-unified/,3f9bf838278c81da4497e0586710962ab6b8c597acbfedf7956f155dee63e148,2025-12-19T14:48:20+00:00,true,ALIGNED_TO_2025_NATIONAL_STRUCTURE_NOT_NAPPS_ISSUED,false,READY_FOR_ORIGINAL_AUTHORING
napps-web-p6-english-first-3,6,english,first,3,"Listening & Speaking: Using Correct Intonation to Distinguish Between Commands, Questions and Statements",web-napps-aligned-primary-6,https://schemeofwork.com/primary-6-scheme-of-work-unified/,3f9bf838278c81da4497e0586710962ab6b8c597acbfedf7956f155dee63e148,2025-12-19T14:48:20+00:00,true,ALIGNED_TO_2025_NATIONAL_STRUCTURE_NOT_NAPPS_ISSUED,false,READY_FOR_ORIGINAL_AUTHORING
napps-web-p6-english-first-4,6,english,first,4,Grammatical Accuracy: Finding Words in Dictionary Using Alphabetical Order,web-napps-aligned-primary-6,https://schemeofwork.com/primary-6-scheme-of-work-unified/,3f9bf838278c81da4497e0586710962ab6b8c597acbfedf7956f155dee63e148,2025-12-19T14:48:20+00:00,true,ALIGNED_TO_2025_NATIONAL_STRUCTURE_NOT_NAPPS_ISSUED,false,READY_FOR_ORIGINAL_AUTHORING
napps-web-p6-english-first-5,6,english,first,5,MIDTERM EXAMINATION,web-napps-aligned-primary-6,https://schemeofwork.com/primary-6-scheme-of-work-unified/,3f9bf838278c81da4497e0586710962ab6b8c597acbfedf7956f155dee63e148,2025-12-19T14:48:20+00:00,false,ALIGNED_TO_2025_NATIONAL_STRUCTURE_NOT_NAPPS_ISSUED,false,READY_FOR_ORIGINAL_AUTHORING
napps-web-p6-english-first-6,6,english,first,6,MIDTERM BREAK,web-napps-aligned-primary-6,https://schemeofwork.com/primary-6-scheme-of-work-unified/,3f9bf838278c81da4497e0586710962ab6b8c597acbfedf7956f155dee63e148,2025-12-19T14:48:20+00:00,false,ALIGNED_TO_2025_NATIONAL_STRUCTURE_NOT_NAPPS_ISSUED,false,READY_FOR_ORIGINAL_AUTHORING
napps-web-p6-english-first-7,6,english,first,7,Reading: Comprehension I – Main Ideas and Supporting Details,web-napps-aligned-primary-6,https://schemeofwork.com/primary-6-scheme-of-work-unified/,3f9bf838278c81da4497e0586710962ab6b8c597acbfedf7956f155dee63e148,2025-12-19T14:48:20+00:00,true,ALIGNED_TO_2025_NATIONAL_STRUCTURE_NOT_NAPPS_ISSUED,false,READY_FOR_ORIGINAL_AUTHORING
napps-web-p6-english-first-8,6,english,first,8,Reading: Vocabulary I – Context Clues and Word Meanings,web-napps-aligned-primary-6,https://schemeofwork.com/primary-6-scheme-of-work-unified/,3f9bf838278c81da4497e0586710962ab6b8c597acbfedf7956f155dee63e148,2025-12-19T14:48:20+00:00,true,ALIGNED_TO_2025_NATIONAL_STRUCTURE_NOT_NAPPS_ISSUED,false,READY_FOR_ORIGINAL_AUTHORING
napps-web-p6-english-first-9,6,english,first,9,Listening & Speaking: Aural,web-napps-aligned-primary-6,https://schemeofwork.com/primary-6-scheme-of-work-unified/,3f9bf838278c81da4497e0586710962ab6b8c597acbfedf7956f155dee63e148,2025-12-19T14:48:20+00:00,true,ALIGNED_TO_2025_NATIONAL_STRUCTURE_NOT_NAPPS_ISSUED,false,READY_FOR_ORIGINAL_AUTHORING
napps-web-p6-english-second-1,6,english,second,1,Reading: Phonics II & Fluency,web-napps-aligned-primary-6,https://schemeofwork.com/primary-6-scheme-of-work-unified/,3f9bf838278c81da4497e0586710962ab6b8c597acbfedf7956f155dee63e148,2025-12-19T14:48:20+00:00,true,ALIGNED_TO_2025_NATIONAL_STRUCTURE_NOT_NAPPS_ISSUED,false,READY_FOR_ORIGINAL_AUTHORING
napps-web-p6-english-second-2,6,english,second,2,"Writing: Writing Simple Compositions – Letters, Accounts, Stories (Consumer Protection Agencies)",web-napps-aligned-primary-6,https://schemeofwork.com/primary-6-scheme-of-work-unified/,3f9bf838278c81da4497e0586710962ab6b8c597acbfedf7956f155dee63e148,2025-12-19T14:48:20+00:00,true,ALIGNED_TO_2025_NATIONAL_STRUCTURE_NOT_NAPPS_ISSUED,false,READY_FOR_ORIGINAL_AUTHORING
napps-web-p6-english-second-3,6,english,second,3,Listening & Speaking: Reporting Incidents (Automobile Fire) & Listening Comprehension on Public Notices,web-napps-aligned-primary-6,https://schemeofwork.com/primary-6-scheme-of-work-unified/,3f9bf838278c81da4497e0586710962ab6b8c597acbfedf7956f155dee63e148,2025-12-19T14:48:20+00:00,true,ALIGNED_TO_2025_NATIONAL_STRUCTURE_NOT_NAPPS_ISSUED,false,READY_FOR_ORIGINAL_AUTHORING
napps-web-p6-english-second-4,6,english,second,4,Grammatical Accuracy: Review of Verb Forms,web-napps-aligned-primary-6,https://schemeofwork.com/primary-6-scheme-of-work-unified/,3f9bf838278c81da4497e0586710962ab6b8c597acbfedf7956f155dee63e148,2025-12-19T14:48:20+00:00,true,ALIGNED_TO_2025_NATIONAL_STRUCTURE_NOT_NAPPS_ISSUED,false,READY_FOR_ORIGINAL_AUTHORING
napps-web-p6-english-second-5,6,english,second,5,MIDTERM EXAMINATION,web-napps-aligned-primary-6,https://schemeofwork.com/primary-6-scheme-of-work-unified/,3f9bf838278c81da4497e0586710962ab6b8c597acbfedf7956f155dee63e148,2025-12-19T14:48:20+00:00,false,ALIGNED_TO_2025_NATIONAL_STRUCTURE_NOT_NAPPS_ISSUED,false,READY_FOR_ORIGINAL_AUTHORING
napps-web-p6-english-second-6,6,english,second,6,MIDTERM BREAK,web-napps-aligned-primary-6,https://schemeofwork.com/primary-6-scheme-of-work-unified/,3f9bf838278c81da4497e0586710962ab6b8c597acbfedf7956f155dee63e148,2025-12-19T14:48:20+00:00,false,ALIGNED_TO_2025_NATIONAL_STRUCTURE_NOT_NAPPS_ISSUED,false,READY_FOR_ORIGINAL_AUTHORING
napps-web-p6-english-second-7,6,english,second,7,Reading: Comprehension II – Making Inferences and Drawing Conclusions,web-napps-aligned-primary-6,https://schemeofwork.com/primary-6-scheme-of-work-unified/,3f9bf838278c81da4497e0586710962ab6b8c597acbfedf7956f155dee63e148,2025-12-19T14:48:20+00:00,true,ALIGNED_TO_2025_NATIONAL_STRUCTURE_NOT_NAPPS_ISSUED,false,READY_FOR_ORIGINAL_AUTHORING
napps-web-p6-english-second-8,6,english,second,8,"Reading: Vocabulary II – Prefixes, Suffixes, and Root Words",web-napps-aligned-primary-6,https://schemeofwork.com/primary-6-scheme-of-work-unified/,3f9bf838278c81da4497e0586710962ab6b8c597acbfedf7956f155dee63e148,2025-12-19T14:48:20+00:00,true,ALIGNED_TO_2025_NATIONAL_STRUCTURE_NOT_NAPPS_ISSUED,false,READY_FOR_ORIGINAL_AUTHORING
napps-web-p6-english-third-1,6,english,third,1,"Reading: Comprehension III – Author’s Tone, Mood, and Point of View",web-napps-aligned-primary-6,https://schemeofwork.com/primary-6-scheme-of-work-unified/,3f9bf838278c81da4497e0586710962ab6b8c597acbfedf7956f155dee63e148,2025-12-19T14:48:20+00:00,true,ALIGNED_TO_2025_NATIONAL_STRUCTURE_NOT_NAPPS_ISSUED,false,READY_FOR_ORIGINAL_AUTHORING
napps-web-p6-english-third-2,6,english,third,2,Writing: Writing E-mails and Text Messages,web-napps-aligned-primary-6,https://schemeofwork.com/primary-6-scheme-of-work-unified/,3f9bf838278c81da4497e0586710962ab6b8c597acbfedf7956f155dee63e148,2025-12-19T14:48:20+00:00,true,ALIGNED_TO_2025_NATIONAL_STRUCTURE_NOT_NAPPS_ISSUED,false,READY_FOR_ORIGINAL_AUTHORING
napps-web-p6-english-third-3,6,english,third,3,Listening & Speaking: Intonation Practice Using Dialogues (National Values – Honesty) & Guided Speech Making,web-napps-aligned-primary-6,https://schemeofwork.com/primary-6-scheme-of-work-unified/,3f9bf838278c81da4497e0586710962ab6b8c597acbfedf7956f155dee63e148,2025-12-19T14:48:20+00:00,true,ALIGNED_TO_2025_NATIONAL_STRUCTURE_NOT_NAPPS_ISSUED,false,READY_FOR_ORIGINAL_AUTHORING
napps-web-p6-english-third-4,6,english,third,4,Grammatical Accuracy: Review of Direct and Indirect Speech,web-napps-aligned-primary-6,https://schemeofwork.com/primary-6-scheme-of-work-unified/,3f9bf838278c81da4497e0586710962ab6b8c597acbfedf7956f155dee63e148,2025-12-19T14:48:20+00:00,true,ALIGNED_TO_2025_NATIONAL_STRUCTURE_NOT_NAPPS_ISSUED,false,READY_FOR_ORIGINAL_AUTHORING
napps-web-p6-english-third-5,6,english,third,5,MIDTERM EXAMINATION,web-napps-aligned-primary-6,https://schemeofwork.com/primary-6-scheme-of-work-unified/,3f9bf838278c81da4497e0586710962ab6b8c597acbfedf7956f155dee63e148,2025-12-19T14:48:20+00:00,false,ALIGNED_TO_2025_NATIONAL_STRUCTURE_NOT_NAPPS_ISSUED,false,READY_FOR_ORIGINAL_AUTHORING
napps-web-p6-english-third-6,6,english,third,6,MIDTERM BREAK,web-napps-aligned-primary-6,https://schemeofwork.com/primary-6-scheme-of-work-unified/,3f9bf838278c81da4497e0586710962ab6b8c597acbfedf7956f155dee63e148,2025-12-19T14:48:20+00:00,false,ALIGNED_TO_2025_NATIONAL_STRUCTURE_NOT_NAPPS_ISSUED,false,READY_FOR_ORIGINAL_AUTHORING
napps-web-p6-english-third-7,6,english,third,7,"Reading: Comprehension IV – Fact vs Opinion, Cause and Effect",web-napps-aligned-primary-6,https://schemeofwork.com/primary-6-scheme-of-work-unified/,3f9bf838278c81da4497e0586710962ab6b8c597acbfedf7956f155dee63e148,2025-12-19T14:48:20+00:00,true,ALIGNED_TO_2025_NATIONAL_STRUCTURE_NOT_NAPPS_ISSUED,false,READY_FOR_ORIGINAL_AUTHORING
napps-web-p6-english-third-8,6,english,third,8,Writing: Writing Biographies and Autobiographies,web-napps-aligned-primary-6,https://schemeofwork.com/primary-6-scheme-of-work-unified/,3f9bf838278c81da4497e0586710962ab6b8c597acbfedf7956f155dee63e148,2025-12-19T14:48:20+00:00,true,ALIGNED_TO_2025_NATIONAL_STRUCTURE_NOT_NAPPS_ISSUED,false,READY_FOR_ORIGINAL_AUTHORING
napps-web-p6-mathematics-first-1,6,mathematics,first,1,Whole Numbers I,web-napps-aligned-primary-6,https://schemeofwork.com/primary-6-scheme-of-work-unified/,3f9bf838278c81da4497e0586710962ab6b8c597acbfedf7956f155dee63e148,2025-12-19T14:48:20+00:00,true,ALIGNED_TO_2025_NATIONAL_STRUCTURE_NOT_NAPPS_ISSUED,false,READY_FOR_ORIGINAL_AUTHORING
napps-web-p6-mathematics-first-10,6,mathematics,first,10,Ratios and Proportions II,web-napps-aligned-primary-6,https://schemeofwork.com/primary-6-scheme-of-work-unified/,3f9bf838278c81da4497e0586710962ab6b8c597acbfedf7956f155dee63e148,2025-12-19T14:48:20+00:00,true,ALIGNED_TO_2025_NATIONAL_STRUCTURE_NOT_NAPPS_ISSUED,false,READY_FOR_ORIGINAL_AUTHORING
napps-web-p6-mathematics-first-11,6,mathematics,first,11,REVISION,web-napps-aligned-primary-6,https://schemeofwork.com/primary-6-scheme-of-work-unified/,3f9bf838278c81da4497e0586710962ab6b8c597acbfedf7956f155dee63e148,2025-12-19T14:48:20+00:00,false,ALIGNED_TO_2025_NATIONAL_STRUCTURE_NOT_NAPPS_ISSUED,false,READY_FOR_ORIGINAL_AUTHORING
napps-web-p6-mathematics-first-2,6,mathematics,first,2,Whole Numbers II & Basic Operations,web-napps-aligned-primary-6,https://schemeofwork.com/primary-6-scheme-of-work-unified/,3f9bf838278c81da4497e0586710962ab6b8c597acbfedf7956f155dee63e148,2025-12-19T14:48:20+00:00,true,ALIGNED_TO_2025_NATIONAL_STRUCTURE_NOT_NAPPS_ISSUED,false,READY_FOR_ORIGINAL_AUTHORING
napps-web-p6-mathematics-first-3,6,mathematics,first,3,Multiplication and Division,web-napps-aligned-primary-6,https://schemeofwork.com/primary-6-scheme-of-work-unified/,3f9bf838278c81da4497e0586710962ab6b8c597acbfedf7956f155dee63e148,2025-12-19T14:48:20+00:00,true,ALIGNED_TO_2025_NATIONAL_STRUCTURE_NOT_NAPPS_ISSUED,false,READY_FOR_ORIGINAL_AUTHORING
napps-web-p6-mathematics-first-4,6,mathematics,first,4,Order of Operations & Indices (Powers),web-napps-aligned-primary-6,https://schemeofwork.com/primary-6-scheme-of-work-unified/,3f9bf838278c81da4497e0586710962ab6b8c597acbfedf7956f155dee63e148,2025-12-19T14:48:20+00:00,true,ALIGNED_TO_2025_NATIONAL_STRUCTURE_NOT_NAPPS_ISSUED,false,READY_FOR_ORIGINAL_AUTHORING
napps-web-p6-mathematics-first-5,6,mathematics,first,5,MIDTERM EXAMINATION,web-napps-aligned-primary-6,https://schemeofwork.com/primary-6-scheme-of-work-unified/,3f9bf838278c81da4497e0586710962ab6b8c597acbfedf7956f155dee63e148,2025-12-19T14:48:20+00:00,false,ALIGNED_TO_2025_NATIONAL_STRUCTURE_NOT_NAPPS_ISSUED,false,READY_FOR_ORIGINAL_AUTHORING
napps-web-p6-mathematics-first-6,6,mathematics,first,6,MIDTERM BREAK,web-napps-aligned-primary-6,https://schemeofwork.com/primary-6-scheme-of-work-unified/,3f9bf838278c81da4497e0586710962ab6b8c597acbfedf7956f155dee63e148,2025-12-19T14:48:20+00:00,false,ALIGNED_TO_2025_NATIONAL_STRUCTURE_NOT_NAPPS_ISSUED,false,READY_FOR_ORIGINAL_AUTHORING
napps-web-p6-mathematics-first-7,6,mathematics,first,7,Fractions I,web-napps-aligned-primary-6,https://schemeofwork.com/primary-6-scheme-of-work-unified/,3f9bf838278c81da4497e0586710962ab6b8c597acbfedf7956f155dee63e148,2025-12-19T14:48:20+00:00,true,ALIGNED_TO_2025_NATIONAL_STRUCTURE_NOT_NAPPS_ISSUED,false,READY_FOR_ORIGINAL_AUTHORING
napps-web-p6-mathematics-first-8,6,mathematics,first,8,Fractions II,web-napps-aligned-primary-6,https://schemeofwork.com/primary-6-scheme-of-work-unified/,3f9bf838278c81da4497e0586710962ab6b8c597acbfedf7956f155dee63e148,2025-12-19T14:48:20+00:00,true,ALIGNED_TO_2025_NATIONAL_STRUCTURE_NOT_NAPPS_ISSUED,false,READY_FOR_ORIGINAL_AUTHORING
napps-web-p6-mathematics-first-9,6,mathematics,first,9,Ratios and Proportions I,web-napps-aligned-primary-6,https://schemeofwork.com/primary-6-scheme-of-work-unified/,3f9bf838278c81da4497e0586710962ab6b8c597acbfedf7956f155dee63e148,2025-12-19T14:48:20+00:00,true,ALIGNED_TO_2025_NATIONAL_STRUCTURE_NOT_NAPPS_ISSUED,false,READY_FOR_ORIGINAL_AUTHORING
napps-web-p6-mathematics-second-1,6,mathematics,second,1,Percentages I,web-napps-aligned-primary-6,https://schemeofwork.com/primary-6-scheme-of-work-unified/,3f9bf838278c81da4497e0586710962ab6b8c597acbfedf7956f155dee63e148,2025-12-19T14:48:20+00:00,true,ALIGNED_TO_2025_NATIONAL_STRUCTURE_NOT_NAPPS_ISSUED,false,READY_FOR_ORIGINAL_AUTHORING
napps-web-p6-mathematics-second-10,6,mathematics,second,10,"Measurement – Perimeter, Area & Volume",web-napps-aligned-primary-6,https://schemeofwork.com/primary-6-scheme-of-work-unified/,3f9bf838278c81da4497e0586710962ab6b8c597acbfedf7956f155dee63e148,2025-12-19T14:48:20+00:00,true,ALIGNED_TO_2025_NATIONAL_STRUCTURE_NOT_NAPPS_ISSUED,false,READY_FOR_ORIGINAL_AUTHORING
napps-web-p6-mathematics-second-2,6,mathematics,second,2,Percentages II,web-napps-aligned-primary-6,https://schemeofwork.com/primary-6-scheme-of-work-unified/,3f9bf838278c81da4497e0586710962ab6b8c597acbfedf7956f155dee63e148,2025-12-19T14:48:20+00:00,true,ALIGNED_TO_2025_NATIONAL_STRUCTURE_NOT_NAPPS_ISSUED,false,READY_FOR_ORIGINAL_AUTHORING
napps-web-p6-mathematics-second-3,6,mathematics,second,3,Demography & Money I,web-napps-aligned-primary-6,https://schemeofwork.com/primary-6-scheme-of-work-unified/,3f9bf838278c81da4497e0586710962ab6b8c597acbfedf7956f155dee63e148,2025-12-19T14:48:20+00:00,true,ALIGNED_TO_2025_NATIONAL_STRUCTURE_NOT_NAPPS_ISSUED,false,READY_FOR_ORIGINAL_AUTHORING
napps-web-p6-mathematics-second-4,6,mathematics,second,4,Money II – Currency Conversion,web-napps-aligned-primary-6,https://schemeofwork.com/primary-6-scheme-of-work-unified/,3f9bf838278c81da4497e0586710962ab6b8c597acbfedf7956f155dee63e148,2025-12-19T14:48:20+00:00,true,ALIGNED_TO_2025_NATIONAL_STRUCTURE_NOT_NAPPS_ISSUED,false,READY_FOR_ORIGINAL_AUTHORING
napps-web-p6-mathematics-second-5,6,mathematics,second,5,MIDTERM EXAMINATION,web-napps-aligned-primary-6,https://schemeofwork.com/primary-6-scheme-of-work-unified/,3f9bf838278c81da4497e0586710962ab6b8c597acbfedf7956f155dee63e148,2025-12-19T14:48:20+00:00,false,ALIGNED_TO_2025_NATIONAL_STRUCTURE_NOT_NAPPS_ISSUED,false,READY_FOR_ORIGINAL_AUTHORING
napps-web-p6-mathematics-second-6,6,mathematics,second,6,MIDTERM BREAK,web-napps-aligned-primary-6,https://schemeofwork.com/primary-6-scheme-of-work-unified/,3f9bf838278c81da4497e0586710962ab6b8c597acbfedf7956f155dee63e148,2025-12-19T14:48:20+00:00,false,ALIGNED_TO_2025_NATIONAL_STRUCTURE_NOT_NAPPS_ISSUED,false,READY_FOR_ORIGINAL_AUTHORING
napps-web-p6-mathematics-second-7,6,mathematics,second,7,Algebraic Processes – Open Sentences,web-napps-aligned-primary-6,https://schemeofwork.com/primary-6-scheme-of-work-unified/,3f9bf838278c81da4497e0586710962ab6b8c597acbfedf7956f155dee63e148,2025-12-19T14:48:20+00:00,true,ALIGNED_TO_2025_NATIONAL_STRUCTURE_NOT_NAPPS_ISSUED,false,READY_FOR_ORIGINAL_AUTHORING
napps-web-p6-mathematics-second-8,6,mathematics,second,8,"Measurement – Length, Weight & Time I",web-napps-aligned-primary-6,https://schemeofwork.com/primary-6-scheme-of-work-unified/,3f9bf838278c81da4497e0586710962ab6b8c597acbfedf7956f155dee63e148,2025-12-19T14:48:20+00:00,true,ALIGNED_TO_2025_NATIONAL_STRUCTURE_NOT_NAPPS_ISSUED,false,READY_FOR_ORIGINAL_AUTHORING
napps-web-p6-mathematics-second-9,6,mathematics,second,9,Measurement – Time & Speed,web-napps-aligned-primary-6,https://schemeofwork.com/primary-6-scheme-of-work-unified/,3f9bf838278c81da4497e0586710962ab6b8c597acbfedf7956f155dee63e148,2025-12-19T14:48:20+00:00,true,ALIGNED_TO_2025_NATIONAL_STRUCTURE_NOT_NAPPS_ISSUED,false,READY_FOR_ORIGINAL_AUTHORING
napps-web-p6-mathematics-third-1,6,mathematics,third,1,Plane Figures and Properties,web-napps-aligned-primary-6,https://schemeofwork.com/primary-6-scheme-of-work-unified/,3f9bf838278c81da4497e0586710962ab6b8c597acbfedf7956f155dee63e148,2025-12-19T14:48:20+00:00,true,ALIGNED_TO_2025_NATIONAL_STRUCTURE_NOT_NAPPS_ISSUED,false,READY_FOR_ORIGINAL_AUTHORING
napps-web-p6-mathematics-third-10,6,mathematics,third,10,Comprehensive Problem Solving & Secondary School Preparation,web-napps-aligned-primary-6,https://schemeofwork.com/primary-6-scheme-of-work-unified/,3f9bf838278c81da4497e0586710962ab6b8c597acbfedf7956f155dee63e148,2025-12-19T14:48:20+00:00,true,ALIGNED_TO_2025_NATIONAL_STRUCTURE_NOT_NAPPS_ISSUED,false,READY_FOR_ORIGINAL_AUTHORING
napps-web-p6-mathematics-third-2,6,mathematics,third,2,Angles,web-napps-aligned-primary-6,https://schemeofwork.com/primary-6-scheme-of-work-unified/,3f9bf838278c81da4497e0586710962ab6b8c597acbfedf7956f155dee63e148,2025-12-19T14:48:20+00:00,true,ALIGNED_TO_2025_NATIONAL_STRUCTURE_NOT_NAPPS_ISSUED,false,READY_FOR_ORIGINAL_AUTHORING
napps-web-p6-mathematics-third-3,6,mathematics,third,3,Height and Distances,web-napps-aligned-primary-6,https://schemeofwork.com/primary-6-scheme-of-work-unified/,3f9bf838278c81da4497e0586710962ab6b8c597acbfedf7956f155dee63e148,2025-12-19T14:48:20+00:00,true,ALIGNED_TO_2025_NATIONAL_STRUCTURE_NOT_NAPPS_ISSUED,false,READY_FOR_ORIGINAL_AUTHORING
napps-web-p6-mathematics-third-4,6,mathematics,third,4,Polygons and Scale Drawing,web-napps-aligned-primary-6,https://schemeofwork.com/primary-6-scheme-of-work-unified/,3f9bf838278c81da4497e0586710962ab6b8c597acbfedf7956f155dee63e148,2025-12-19T14:48:20+00:00,true,ALIGNED_TO_2025_NATIONAL_STRUCTURE_NOT_NAPPS_ISSUED,false,READY_FOR_ORIGINAL_AUTHORING
napps-web-p6-mathematics-third-5,6,mathematics,third,5,MIDTERM EXAMINATION,web-napps-aligned-primary-6,https://schemeofwork.com/primary-6-scheme-of-work-unified/,3f9bf838278c81da4497e0586710962ab6b8c597acbfedf7956f155dee63e148,2025-12-19T14:48:20+00:00,false,ALIGNED_TO_2025_NATIONAL_STRUCTURE_NOT_NAPPS_ISSUED,false,READY_FOR_ORIGINAL_AUTHORING
napps-web-p6-mathematics-third-6,6,mathematics,third,6,MIDTERM BREAK,web-napps-aligned-primary-6,https://schemeofwork.com/primary-6-scheme-of-work-unified/,3f9bf838278c81da4497e0586710962ab6b8c597acbfedf7956f155dee63e148,2025-12-19T14:48:20+00:00,false,ALIGNED_TO_2025_NATIONAL_STRUCTURE_NOT_NAPPS_ISSUED,false,READY_FOR_ORIGINAL_AUTHORING
napps-web-p6-mathematics-third-7,6,mathematics,third,7,Everyday Statistics – Population,web-napps-aligned-primary-6,https://schemeofwork.com/primary-6-scheme-of-work-unified/,3f9bf838278c81da4497e0586710962ab6b8c597acbfedf7956f155dee63e148,2025-12-19T14:48:20+00:00,true,ALIGNED_TO_2025_NATIONAL_STRUCTURE_NOT_NAPPS_ISSUED,false,READY_FOR_ORIGINAL_AUTHORING
napps-web-p6-mathematics-third-8,6,mathematics,third,8,Measures of Central Tendency I,web-napps-aligned-primary-6,https://schemeofwork.com/primary-6-scheme-of-work-unified/,3f9bf838278c81da4497e0586710962ab6b8c597acbfedf7956f155dee63e148,2025-12-19T14:48:20+00:00,true,ALIGNED_TO_2025_NATIONAL_STRUCTURE_NOT_NAPPS_ISSUED,false,READY_FOR_ORIGINAL_AUTHORING
napps-web-p6-mathematics-third-9,6,mathematics,third,9,Measures of Central Tendency II,web-napps-aligned-primary-6,https://schemeofwork.com/primary-6-scheme-of-work-unified/,3f9bf838278c81da4497e0586710962ab6b8c597acbfedf7956f155dee63e148,2025-12-19T14:48:20+00:00,true,ALIGNED_TO_2025_NATIONAL_STRUCTURE_NOT_NAPPS_ISSUED,false,READY_FOR_ORIGINAL_AUTHORING
